Starting CAGE correlator... [ABLATION_MODE=fused]
2026-07-24 12:51:36,097 INFO Pod UID cache watcher started
2026-07-24 12:51:36,160 INFO [ADD] default/attacker uid=2d6b15bc-3a92-4b91-85de-3aed98031b95 ip=10.244.2.2 sa=default
2026-07-24 12:51:36,161 INFO [ADD] default/benign-worker uid=eba4f7a5-af09-446b-93ea-9860e36199c6 ip=10.244.1.3 sa=default
2026-07-24 12:51:36,162 INFO [ADD] kube-system/coredns-7db6d8ff4d-hxbwm uid=349bad00-8141-44aa-b3fe-e1fba24d1475 ip=10.244.0.3 sa=coredns
2026-07-24 12:51:36,163 INFO [ADD] kube-system/coredns-7db6d8ff4d-wcxkx uid=e9bbb9e5-c69e-4e96-917c-ec3c38d02e94 ip=10.244.0.2 sa=coredns
2026-07-24 12:51:36,165 INFO [ADD] kube-system/etcd-cage-control-plane uid=81fa144d-93c6-4cec-b5d6-9df4d8e98753 ip=172.18.0.3 sa=None
2026-07-24 12:51:36,166 INFO [ADD] kube-system/kindnet-fvfd4 uid=10032da1-b41d-4599-bb74-d863210b5cdf ip=172.18.0.2 sa=kindnet
2026-07-24 12:51:36,168 INFO [ADD] kube-system/kindnet-j88vp uid=baaec42a-6d33-4785-a8de-f9ef0521c6ce ip=172.18.0.3 sa=kindnet
2026-07-24 12:51:36,169 INFO [ADD] kube-system/kindnet-qgrsr uid=c849581a-fb57-494c-8960-1de12ccd2967 ip=172.18.0.4 sa=kindnet
2026-07-24 12:51:36,171 INFO [ADD] kube-system/kube-apiserver-cage-control-plane uid=990b0e5c-6a4d-4143-aa2b-6564643a1224 ip=172.18.0.3 sa=None
2026-07-24 12:51:36,173 INFO [ADD] kube-system/kube-controller-manager-cage-control-plane uid=6b109eee-6656-4515-86bf-7c7df736c851 ip=172.18.0.3 sa=None
2026-07-24 12:51:36,175 INFO [ADD] kube-system/kube-proxy-2jd2m uid=46f81d63-8616-4b1b-95e1-ff827e7f5e45 ip=172.18.0.4 sa=kube-proxy
2026-07-24 12:51:36,176 INFO [ADD] kube-system/kube-proxy-qfgjg uid=4d26ca47-fded-4cab-8334-8c4e10f11154 ip=172.18.0.3 sa=kube-proxy
2026-07-24 12:51:36,177 INFO [ADD] kube-system/kube-proxy-x58jj uid=44635ccd-77e2-4dba-82e9-cb0482b43d49 ip=172.18.0.2 sa=kube-proxy
2026-07-24 12:51:36,178 INFO [ADD] kube-system/kube-scheduler-cage-control-plane uid=0fe3f3c0-c11d-4664-a1f4-d90bd69610f9 ip=172.18.0.3 sa=None
2026-07-24 12:51:36,179 INFO [ADD] kube-system/tetragon-9dbpb uid=d41c7ca0-c6a5-433b-b04b-93748da26600 ip=172.18.0.2 sa=tetragon
2026-07-24 12:51:36,180 INFO [ADD] kube-system/tetragon-fwlml uid=854f5257-b058-4de9-ad8f-735e820118c3 ip=172.18.0.3 sa=tetragon
2026-07-24 12:51:36,181 INFO [ADD] kube-system/tetragon-operator-d59bd58b8-b78s2 uid=ab5a94a1-2ba3-4467-9190-828af2c4513c ip=10.244.1.2 sa=tetragon-operator-service-account
2026-07-24 12:51:36,182 INFO [ADD] kube-system/tetragon-snwmc uid=29116082-42ef-4f8e-aedf-6dac6eb9beb7 ip=172.18.0.4 sa=tetragon
2026-07-24 12:51:36,183 INFO [ADD] local-path-storage/local-path-provisioner-988d74bc-4hqnw uid=72fcaa6b-73e2-4021-9cd4-375837549799 ip=10.244.0.4 sa=local-path-provisioner-service-account
2026-07-24 12:51:38,155 INFO Docker→UID map: 66 entries
2026-07-24 12:51:38,156 INFO Tetragon consumer started
  [ON]  TetragonConsumer
2026-07-24 12:51:38,158 INFO Audit log consumer started
  [ON]  AuditLogConsumer
2026-07-24 12:51:38,161 INFO Network monitor started, watching pods: ['attacker']
  [ON]  NetworkMonitor
CAGE server running at http://localhost:5000
 * Serving Flask app 'server'
 * Debug mode: off
2026-07-24 12:51:38,188 INFO [31m[1mWARNING: This is a development server. Do not use it in a production deployment. Use a production WSGI server instead.[0m
 * Running on all addresses (0.0.0.0)
 * Running on http://127.0.0.1:5000
 * Running on http://172.20.191.124:5000
2026-07-24 12:51:38,189 INFO [33mPress CTRL+C to quit[0m
2026-07-24 12:51:43,935 INFO Docker→UID map: 66 entries
2026-07-24 12:51:46,967 INFO Docker→UID map: 66 entries
2026-07-24 12:51:48,376 INFO Processed 200 events
2026-07-24 12:51:50,002 INFO Docker→UID map: 66 entries
2026-07-24 12:51:50,563 INFO [QUEUED] kube-system/kube-proxy-qfgjg | /usr/sbin/iptables
[DEQUEUE-B] process_exec /usr/sbin/iptables pod=kube-proxy-qfgjg
2026-07-24 12:51:50,564 INFO [QUEUED] kube-system/kube-proxy-qfgjg | /usr/sbin/ip6tables
[DEQUEUE-B] process_exec /usr/sbin/ip6tables pod=kube-proxy-qfgjg
2026-07-24 12:51:53,059 INFO Docker→UID map: 66 entries
2026-07-24 12:51:54,562 INFO [QUEUED] default/attacker | /usr/bin/sleep
[DEQUEUE-B] process_exec /usr/bin/sleep pod=attacker
2026-07-24 12:51:55,545 INFO Processed 400 events
2026-07-24 12:51:56,093 INFO Docker→UID map: 66 entries
2026-07-24 12:51:56,563 INFO [QUEUED] kube-system/kube-proxy-2jd2m | /usr/sbin/iptables
2026-07-24 12:51:56,564 INFO [QUEUED] kube-system/kube-proxy-2jd2m | /usr/sbin/ip6tables
[DEQUEUE-B] process_exec /usr/sbin/iptables pod=kube-proxy-2jd2m
2026-07-24 12:51:56,565 INFO [QUEUED] kube-system/kube-proxy-x58jj | /usr/sbin/ip6tables
2026-07-24 12:51:56,566 INFO [QUEUED] kube-system/kube-proxy-x58jj | /usr/sbin/iptables
[DEQUEUE-B] process_exec /usr/sbin/ip6tables pod=kube-proxy-2jd2m
[DEQUEUE-B] process_exec /usr/sbin/ip6tables pod=kube-proxy-x58jj
[DEQUEUE-B] process_exec /usr/sbin/iptables pod=kube-proxy-x58jj
2026-07-24 12:51:59,144 INFO Docker→UID map: 66 entries
2026-07-24 12:52:02,152 INFO Processed 600 events
2026-07-24 12:52:02,222 INFO Docker→UID map: 66 entries
2026-07-24 12:52:05,313 INFO Docker→UID map: 66 entries
2026-07-24 12:52:08,355 INFO Docker→UID map: 66 entries
2026-07-24 12:52:09,403 INFO Processed 800 events
2026-07-24 12:52:10,563 INFO [LEARNED] exec container b659ba7f7fac... -> attacker
2026-07-24 12:52:10,563 INFO [LEARNED] exec container fb4e3ef3bf34... -> tetragon-fwlml
2026-07-24 12:52:10,564 INFO [QUEUED] default/attacker | /usr/bin/cat
[DEQUEUE-B] process_exec /usr/bin/cat pod=attacker
2026-07-24 12:52:10,564 INFO [QUEUED] kube-system/tetragon-fwlml | /usr/bin/tetra
[DEQUEUE-B] process_exec /usr/bin/tetra pod=tetragon-fwlml
2026-07-24 12:52:11,390 INFO Docker→UID map: 66 entries
2026-07-24 12:52:17,133 INFO Docker→UID map: 66 entries
2026-07-24 12:52:17,275 INFO [LEARNED] exec container b659ba7f7fac... -> attacker
2026-07-24 12:52:17,276 INFO [QUEUED] default/attacker | /usr/bin/cat
[DEQUEUE-B] process_exec /usr/bin/cat pod=attacker
2026-07-24 12:52:18,124 INFO Processed 1000 events
2026-07-24 12:52:20,196 INFO Docker→UID map: 66 entries
2026-07-24 12:52:23,238 INFO Docker→UID map: 66 entries
2026-07-24 12:52:23,276 INFO [LEARNED] exec container b659ba7f7fac... -> attacker
2026-07-24 12:52:23,277 INFO [QUEUED] default/attacker | /usr/bin/cat
[DEQUEUE-B] process_exec /usr/bin/cat pod=attacker2026-07-24 12:52:23,277 INFO [QUEUED] kube-system/kube-proxy-qfgjg | /usr/sbin/iptables

[DEQUEUE-B] process_exec /usr/sbin/iptables pod=kube-proxy-qfgjg2026-07-24 12:52:23,278 INFO [QUEUED] kube-system/kube-proxy-qfgjg | /usr/sbin/ip6tables

[DEQUEUE-B] process_exec /usr/sbin/ip6tables pod=kube-proxy-qfgjg
2026-07-24 12:52:24,132 INFO Processed 1200 events
2026-07-24 12:52:25,276 INFO [QUEUED] kube-system/kindnet-j88vp | /usr/sbin/iptables
[DEQUEUE-B] process_exec /usr/sbin/iptables pod=kindnet-j88vp2026-07-24 12:52:25,277 INFO [QUEUED] kube-system/kindnet-j88vp | /usr/sbin/iptables

2026-07-24 12:52:25,278 INFO [QUEUED] kube-system/kindnet-j88vp | /usr/sbin/iptables
[DEQUEUE-B] process_exec /usr/sbin/iptables pod=kindnet-j88vp
2026-07-24 12:52:25,279 INFO [QUEUED] kube-system/kindnet-j88vp | /usr/sbin/iptables
[DEQUEUE-B] process_exec /usr/sbin/iptables pod=kindnet-j88vp
[DEQUEUE-B] process_exec /usr/sbin/iptables pod=kindnet-j88vp
2026-07-24 12:52:26,268 INFO Docker→UID map: 66 entries
2026-07-24 12:52:27,275 INFO [QUEUED] default/attacker | /usr/bin/sleep
[DEQUEUE-B] process_exec /usr/bin/sleep pod=attacker
2026-07-24 12:52:29,277 INFO [LEARNED] exec container b659ba7f7fac... -> attacker
2026-07-24 12:52:29,278 INFO [QUEUED] default/attacker | /usr/bin/cat
[DEQUEUE-B] process_exec /usr/bin/cat pod=attacker
2026-07-24 12:52:29,278 INFO [QUEUED] kube-system/kube-proxy-2jd2m | /usr/sbin/iptables
[DEQUEUE-B] process_exec /usr/sbin/iptables pod=kube-proxy-2jd2m
2026-07-24 12:52:29,281 INFO [QUEUED] kube-system/kube-proxy-2jd2m | /usr/sbin/ip6tables
2026-07-24 12:52:29,283 INFO [QUEUED] kube-system/kube-proxy-x58jj | /usr/sbin/ip6tables
[DEQUEUE-B] process_exec /usr/sbin/ip6tables pod=kube-proxy-2jd2m
2026-07-24 12:52:29,285 INFO [QUEUED] kube-system/kube-proxy-x58jj | /usr/sbin/iptables
[DEQUEUE-B] process_exec /usr/sbin/ip6tables pod=kube-proxy-x58jj
[DEQUEUE-B] process_exec /usr/sbin/iptables pod=kube-proxy-x58jj2026-07-24 12:52:29,309 INFO Docker→UID map: 66 entries

2026-07-24 12:52:30,149 INFO Processed 1400 events
2026-07-24 12:52:31,277 INFO [QUEUED] kube-system/kindnet-fvfd4 | /usr/sbin/iptables
[DEQUEUE-B] process_exec /usr/sbin/iptables pod=kindnet-fvfd4
2026-07-24 12:52:31,277 INFO [QUEUED] kube-system/kindnet-fvfd4 | /usr/sbin/iptables
[DEQUEUE-B] process_exec /usr/sbin/iptables pod=kindnet-fvfd4
2026-07-24 12:52:31,279 INFO [QUEUED] kube-system/kindnet-fvfd4 | /usr/sbin/iptables
[DEQUEUE-B] process_exec /usr/sbin/iptables pod=kindnet-fvfd4
2026-07-24 12:52:31,280 INFO [QUEUED] kube-system/kindnet-fvfd4 | /usr/sbin/iptables
[DEQUEUE-B] process_exec /usr/sbin/iptables pod=kindnet-fvfd42026-07-24 12:52:31,282 INFO [QUEUED] kube-system/kindnet-qgrsr | /usr/sbin/iptables

2026-07-24 12:52:31,283 INFO [QUEUED] kube-system/kindnet-qgrsr | /usr/sbin/iptables
[DEQUEUE-B] process_exec /usr/sbin/iptables pod=kindnet-qgrsr
2026-07-24 12:52:31,284 INFO [QUEUED] kube-system/kindnet-qgrsr | /usr/sbin/iptables
[DEQUEUE-B] process_exec /usr/sbin/iptables pod=kindnet-qgrsr
2026-07-24 12:52:31,285 INFO [QUEUED] kube-system/kindnet-qgrsr | /usr/sbin/iptables
[DEQUEUE-B] process_exec /usr/sbin/iptables pod=kindnet-qgrsr
[DEQUEUE-B] process_exec /usr/sbin/iptables pod=kindnet-qgrsr
2026-07-24 12:52:32,346 INFO Docker→UID map: 66 entries
2026-07-24 12:52:33,275 INFO [LEARNED] exec container b659ba7f7fac... -> attacker
2026-07-24 12:52:33,276 INFO [QUEUED] default/attacker | /usr/bin/cat
[DEQUEUE-B] process_exec /usr/bin/cat pod=attacker
2026-07-24 12:52:35,376 INFO Docker→UID map: 66 entries
2026-07-24 12:52:36,435 INFO Processed 1600 events
2026-07-24 12:52:38,419 INFO Docker→UID map: 66 entries
2026-07-24 12:52:39,276 INFO [LEARNED] exec container b659ba7f7fac... -> attacker
2026-07-24 12:52:39,277 INFO [QUEUED] default/attacker | /usr/bin/cat
[DEQUEUE-B] process_exec /usr/bin/cat pod=attacker
2026-07-24 12:52:41,455 INFO Docker→UID map: 66 entries
2026-07-24 12:52:43,101 INFO Processed 1800 events
2026-07-24 12:52:44,487 INFO Docker→UID map: 66 entries
2026-07-24 12:52:48,159 INFO [LEARNED] exec container b659ba7f7fac... -> attacker
2026-07-24 12:52:48,163 INFO [QUEUED] default/attacker | /usr/bin/cat
[DEQUEUE-B] process_exec /usr/bin/cat pod=attacker
2026-07-24 12:52:50,397 INFO Docker→UID map: 66 entries
2026-07-24 12:52:52,158 INFO [LEARNED] exec container b659ba7f7fac... -> attacker
2026-07-24 12:52:52,158 INFO [QUEUED] default/attacker | /usr/bin/cat
[DEQUEUE-B] process_exec /usr/bin/cat pod=attacker
2026-07-24 12:52:53,410 INFO Processed 2000 events
2026-07-24 12:52:53,426 INFO Docker→UID map: 66 entries
2026-07-24 12:52:56,158 INFO [QUEUED] kube-system/kube-proxy-qfgjg | /usr/sbin/iptables
[DEQUEUE-B] process_exec /usr/sbin/iptables pod=kube-proxy-qfgjg2026-07-24 12:52:56,159 INFO [QUEUED] kube-system/kube-proxy-qfgjg | /usr/sbin/ip6tables

[DEQUEUE-B] process_exec /usr/sbin/ip6tables pod=kube-proxy-qfgjg
2026-07-24 12:52:56,461 INFO Docker→UID map: 66 entries
2026-07-24 12:52:58,158 INFO [LEARNED] exec container b659ba7f7fac... -> attacker
2026-07-24 12:52:58,158 INFO [QUEUED] default/attacker | /usr/bin/cat
[DEQUEUE-B] process_exec /usr/bin/cat pod=attacker
2026-07-24 12:52:59,514 INFO Docker→UID map: 66 entries
2026-07-24 12:53:00,063 INFO Processed 2200 events
2026-07-24 12:53:00,157 INFO [QUEUED] default/attacker | /usr/bin/sleep
[DEQUEUE-B] process_exec /usr/bin/sleep pod=attacker
2026-07-24 12:53:02,158 INFO [QUEUED] kube-system/kube-proxy-2jd2m | /usr/sbin/iptables
2026-07-24 12:53:02,159 INFO [QUEUED] kube-system/kube-proxy-2jd2m | /usr/sbin/ip6tables
[DEQUEUE-B] process_exec /usr/sbin/iptables pod=kube-proxy-2jd2m
2026-07-24 12:53:02,159 INFO [QUEUED] kube-system/kube-proxy-x58jj | /usr/sbin/ip6tables
2026-07-24 12:53:02,160 INFO [QUEUED] kube-system/kube-proxy-x58jj | /usr/sbin/iptables
[DEQUEUE-B] process_exec /usr/sbin/ip6tables pod=kube-proxy-2jd2m
2026-07-24 12:53:02,161 INFO [LEARNED] exec container b659ba7f7fac... -> attacker
[DEQUEUE-B] process_exec /usr/sbin/ip6tables pod=kube-proxy-x58jj
2026-07-24 12:53:02,164 INFO [QUEUED] default/attacker | /usr/bin/cat
[DEQUEUE-B] process_exec /usr/sbin/iptables pod=kube-proxy-x58jj
[DEQUEUE-B] process_exec /usr/bin/cat pod=attacker
2026-07-24 12:53:02,554 INFO Docker→UID map: 66 entries
2026-07-24 12:53:05,593 INFO Docker→UID map: 66 entries
2026-07-24 12:53:06,070 INFO Processed 2400 events
2026-07-24 12:53:08,158 INFO [LEARNED] exec container b659ba7f7fac... -> attacker
2026-07-24 12:53:08,159 INFO [QUEUED] default/attacker | /usr/bin/cat
[DEQUEUE-B] process_exec /usr/bin/cat pod=attacker
2026-07-24 12:53:08,637 INFO Docker→UID map: 66 entries
2026-07-24 12:53:11,664 INFO Docker→UID map: 66 entries
2026-07-24 12:53:12,901 INFO Processed 2600 events
2026-07-24 12:53:14,158 INFO [LEARNED] exec container b659ba7f7fac... -> attacker
2026-07-24 12:53:14,159 INFO [QUEUED] default/attacker | /usr/bin/cat
[DEQUEUE-B] process_exec /usr/bin/cat pod=attacker
2026-07-24 12:53:14,721 INFO Docker→UID map: 66 entries
2026-07-24 12:53:18,888 INFO Docker→UID map: 66 entries
2026-07-24 12:53:21,017 INFO [LEARNED] exec container b659ba7f7fac... -> attacker
2026-07-24 12:53:21,018 INFO [QUEUED] default/attacker | /usr/bin/cat
[DEQUEUE-B] process_exec /usr/bin/cat pod=attacker
2026-07-24 12:53:22,011 INFO Processed 2800 events
2026-07-24 12:53:23,632 INFO Docker→UID map: 66 entries
2026-07-24 12:53:26,727 INFO Docker→UID map: 66 entries
2026-07-24 12:53:27,017 INFO [LEARNED] exec container b659ba7f7fac... -> attacker
2026-07-24 12:53:27,018 INFO [QUEUED] default/attacker | /usr/bin/cat
[DEQUEUE-B] process_exec /usr/bin/cat pod=attacker
2026-07-24 12:53:29,017 INFO [QUEUED] kube-system/kube-proxy-qfgjg | /usr/sbin/ip6tables
2026-07-24 12:53:29,018 INFO [QUEUED] kube-system/kube-proxy-qfgjg | /usr/sbin/iptables
[DEQUEUE-B] process_exec /usr/sbin/ip6tables pod=kube-proxy-qfgjg
[DEQUEUE-B] process_exec /usr/sbin/iptables pod=kube-proxy-qfgjg
2026-07-24 12:53:29,510 INFO Processed 3000 events
2026-07-24 12:53:29,775 INFO Docker→UID map: 66 entries
2026-07-24 12:53:31,017 INFO [QUEUED] kube-system/kindnet-j88vp | /usr/sbin/iptables
2026-07-24 12:53:31,017 INFO [QUEUED] kube-system/kindnet-j88vp | /usr/sbin/iptables
[DEQUEUE-B] process_exec /usr/sbin/iptables pod=kindnet-j88vp
2026-07-24 12:53:31,019 INFO [QUEUED] kube-system/kindnet-j88vp | /usr/sbin/iptables
2026-07-24 12:53:31,021 INFO [QUEUED] kube-system/kindnet-j88vp | /usr/sbin/iptables
[DEQUEUE-B] process_exec /usr/sbin/iptables pod=kindnet-j88vp
[DEQUEUE-B] process_exec /usr/sbin/iptables pod=kindnet-j88vp
[DEQUEUE-B] process_exec /usr/sbin/iptables pod=kindnet-j88vp
2026-07-24 12:53:32,846 INFO Docker→UID map: 66 entries
2026-07-24 12:53:33,017 INFO [LEARNED] exec container b659ba7f7fac... -> attacker
2026-07-24 12:53:33,019 INFO [QUEUED] default/attacker | /usr/bin/cat
[DEQUEUE-B] process_exec /usr/bin/cat pod=attacker2026-07-24 12:53:33,020 INFO [QUEUED] default/attacker | /usr/bin/sleep

[DEQUEUE-B] process_exec /usr/bin/sleep pod=attacker
2026-07-24 12:53:35,017 INFO [QUEUED] kube-system/kube-proxy-2jd2m | /usr/sbin/iptables
2026-07-24 12:53:35,017 INFO [QUEUED] kube-system/kube-proxy-2jd2m | /usr/sbin/ip6tables
[DEQUEUE-B] process_exec /usr/sbin/iptables pod=kube-proxy-2jd2m
2026-07-24 12:53:35,018 INFO Processed 3200 events
[DEQUEUE-B] process_exec /usr/sbin/ip6tables pod=kube-proxy-2jd2m2026-07-24 12:53:35,019 INFO [QUEUED] kube-system/kube-proxy-x58jj | /usr/sbin/ip6tables

2026-07-24 12:53:35,020 INFO [QUEUED] kube-system/kube-proxy-x58jj | /usr/sbin/iptables
[DEQUEUE-B] process_exec /usr/sbin/ip6tables pod=kube-proxy-x58jj
[DEQUEUE-B] process_exec /usr/sbin/iptables pod=kube-proxy-x58jj
2026-07-24 12:53:35,882 INFO Docker→UID map: 66 entries
2026-07-24 12:53:37,018 INFO [QUEUED] kube-system/kindnet-fvfd4 | /usr/sbin/iptables
[DEQUEUE-B] process_exec /usr/sbin/iptables pod=kindnet-fvfd42026-07-24 12:53:37,019 INFO [QUEUED] kube-system/kindnet-fvfd4 | /usr/sbin/iptables

2026-07-24 12:53:37,021 INFO [QUEUED] kube-system/kindnet-fvfd4 | /usr/sbin/iptables
[DEQUEUE-B] process_exec /usr/sbin/iptables pod=kindnet-fvfd4
2026-07-24 12:53:37,021 INFO [QUEUED] kube-system/kindnet-qgrsr | /usr/sbin/iptables
2026-07-24 12:53:37,023 INFO [QUEUED] kube-system/kindnet-qgrsr | /usr/sbin/iptables
[DEQUEUE-B] process_exec /usr/sbin/iptables pod=kindnet-fvfd4
2026-07-24 12:53:37,023 INFO [QUEUED] kube-system/kindnet-fvfd4 | /usr/sbin/iptables
[DEQUEUE-B] process_exec /usr/sbin/iptables pod=kindnet-qgrsr
2026-07-24 12:53:37,025 INFO [QUEUED] kube-system/kindnet-qgrsr | /usr/sbin/iptables
2026-07-24 12:53:37,026 INFO [QUEUED] kube-system/kindnet-qgrsr | /usr/sbin/iptables
[DEQUEUE-B] process_exec /usr/sbin/iptables pod=kindnet-qgrsr2026-07-24 12:53:37,027 INFO [LEARNED] exec container b659ba7f7fac... -> attacker

[DEQUEUE-B] process_exec /usr/sbin/iptables pod=kindnet-fvfd42026-07-24 12:53:37,028 INFO [QUEUED] default/attacker | /usr/bin/cat

[DEQUEUE-B] process_exec /usr/sbin/iptables pod=kindnet-qgrsr
[DEQUEUE-B] process_exec /usr/sbin/iptables pod=kindnet-qgrsr
[DEQUEUE-B] process_exec /usr/bin/cat pod=attacker
2026-07-24 12:53:38,909 INFO Docker→UID map: 66 entries
2026-07-24 12:53:41,923 INFO Processed 3400 events
2026-07-24 12:53:41,937 INFO Docker→UID map: 66 entries
2026-07-24 12:53:43,017 INFO [LEARNED] exec container b659ba7f7fac... -> attacker
2026-07-24 12:53:43,017 INFO [QUEUED] default/attacker | /usr/bin/cat
[DEQUEUE-B] process_exec /usr/bin/cat pod=attacker
2026-07-24 12:53:44,969 INFO Docker→UID map: 66 entries
2026-07-24 12:53:47,016 INFO [LEARNED] exec container b659ba7f7fac... -> attacker
2026-07-24 12:53:47,017 INFO [QUEUED] default/attacker | /usr/bin/cat
[DEQUEUE-B] process_exec /usr/bin/cat pod=attacker
2026-07-24 12:53:47,997 INFO Processed 3600 events
2026-07-24 12:53:48,002 INFO Docker→UID map: 66 entries
2026-07-24 12:53:53,784 INFO Docker→UID map: 66 entries
2026-07-24 12:53:55,765 INFO [LEARNED] exec container b659ba7f7fac... -> attacker
2026-07-24 12:53:55,769 INFO [QUEUED] default/attacker | /usr/bin/cat
[DEQUEUE-B] process_exec /usr/bin/cat pod=attacker
2026-07-24 12:53:56,819 INFO Docker→UID map: 66 entries
2026-07-24 12:53:56,910 INFO Processed 3800 events
2026-07-24 12:53:59,878 INFO Docker→UID map: 66 entries
2026-07-24 12:54:01,765 INFO [LEARNED] exec container b659ba7f7fac... -> attacker
2026-07-24 12:54:01,766 INFO [QUEUED] default/attacker | /usr/bin/cat
[DEQUEUE-B] process_exec /usr/bin/cat pod=attacker
2026-07-24 12:54:01,766 INFO [QUEUED] kube-system/kube-proxy-qfgjg | /usr/sbin/iptables
[DEQUEUE-B] process_exec /usr/sbin/iptables pod=kube-proxy-qfgjg2026-07-24 12:54:01,767 INFO [QUEUED] kube-system/kube-proxy-qfgjg | /usr/sbin/ip6tables

[DEQUEUE-B] process_exec /usr/sbin/ip6tables pod=kube-proxy-qfgjg
2026-07-24 12:54:02,911 INFO Docker→UID map: 66 entries
2026-07-24 12:54:03,824 INFO Processed 4000 events
2026-07-24 12:54:05,765 INFO [QUEUED] default/attacker | /usr/bin/sleep
[DEQUEUE-B] process_exec /usr/bin/sleep pod=attacker
2026-07-24 12:54:05,766 INFO [LEARNED] exec container b659ba7f7fac... -> attacker
2026-07-24 12:54:05,795 INFO [QUEUED] default/attacker | /usr/bin/cat
[DEQUEUE-B] process_exec /usr/bin/cat pod=attacker
2026-07-24 12:54:05,940 INFO Docker→UID map: 66 entries
2026-07-24 12:54:07,765 INFO [QUEUED] kube-system/kube-proxy-2jd2m | /usr/sbin/iptables
[DEQUEUE-B] process_exec /usr/sbin/iptables pod=kube-proxy-2jd2m
2026-07-24 12:54:07,766 INFO [QUEUED] kube-system/kube-proxy-2jd2m | /usr/sbin/ip6tables
[DEQUEUE-B] process_exec /usr/sbin/ip6tables pod=kube-proxy-2jd2m2026-07-24 12:54:07,767 INFO [QUEUED] kube-system/kube-proxy-x58jj | /usr/sbin/ip6tables
2026-07-24 12:54:07,768 INFO [QUEUED] kube-system/kube-proxy-x58jj | /usr/sbin/iptables

[DEQUEUE-B] process_exec /usr/sbin/ip6tables pod=kube-proxy-x58jj
[DEQUEUE-B] process_exec /usr/sbin/iptables pod=kube-proxy-x58jj
2026-07-24 12:54:09,000 INFO Docker→UID map: 66 entries
2026-07-24 12:54:10,104 INFO Processed 4200 events
2026-07-24 12:54:11,765 INFO [LEARNED] exec container b659ba7f7fac... -> attacker
2026-07-24 12:54:11,767 INFO [QUEUED] default/attacker | /usr/bin/cat
[DEQUEUE-B] process_exec /usr/bin/cat pod=attacker
2026-07-24 12:54:12,034 INFO Docker→UID map: 66 entries
2026-07-24 12:54:15,103 INFO Docker→UID map: 66 entries
2026-07-24 12:54:17,765 INFO Processed 4400 events
2026-07-24 12:54:17,767 INFO [LEARNED] exec container b659ba7f7fac... -> attacker
2026-07-24 12:54:17,767 INFO [QUEUED] default/attacker | /usr/bin/cat
[DEQUEUE-B] process_exec /usr/bin/cat pod=attacker
2026-07-24 12:54:18,142 INFO Docker→UID map: 66 entries
2026-07-24 12:54:21,189 INFO Docker→UID map: 66 entries
2026-07-24 12:54:21,765 INFO [LEARNED] exec container b659ba7f7fac... -> attacker
2026-07-24 12:54:21,766 INFO [QUEUED] default/attacker | /usr/bin/cat
[DEQUEUE-B] process_exec /usr/bin/cat pod=attacker
2026-07-24 12:54:26,557 INFO Processed 4600 events
2026-07-24 12:54:27,002 INFO Docker→UID map: 66 entries
2026-07-24 12:54:30,044 INFO Docker→UID map: 66 entries
2026-07-24 12:54:30,550 INFO [LEARNED] exec container b659ba7f7fac... -> attacker
2026-07-24 12:54:30,551 INFO [QUEUED] default/attacker | /usr/bin/cat
[DEQUEUE-B] process_exec /usr/bin/cat pod=attacker
2026-07-24 12:54:32,790 INFO Processed 4800 events
2026-07-24 12:54:33,079 INFO Docker→UID map: 66 entries
2026-07-24 12:54:34,549 INFO [QUEUED] kube-system/kube-proxy-qfgjg | /usr/sbin/iptables
[DEQUEUE-B] process_exec /usr/sbin/iptables pod=kube-proxy-qfgjg
2026-07-24 12:54:34,550 INFO [QUEUED] kube-system/kube-proxy-qfgjg | /usr/sbin/ip6tables
[DEQUEUE-B] process_exec /usr/sbin/ip6tables pod=kube-proxy-qfgjg
2026-07-24 12:54:34,551 INFO [LEARNED] exec container b659ba7f7fac... -> attacker
2026-07-24 12:54:34,552 INFO [QUEUED] default/attacker | /usr/bin/cat
[DEQUEUE-B] process_exec /usr/bin/cat pod=attacker
2026-07-24 12:54:36,118 INFO Docker→UID map: 66 entries
2026-07-24 12:54:36,550 INFO [QUEUED] kube-system/kindnet-j88vp | /usr/sbin/iptables
[DEQUEUE-B] process_exec /usr/sbin/iptables pod=kindnet-j88vp
2026-07-24 12:54:36,550 INFO [QUEUED] kube-system/kindnet-j88vp | /usr/sbin/iptables
[DEQUEUE-B] process_exec /usr/sbin/iptables pod=kindnet-j88vp
2026-07-24 12:54:36,552 INFO [QUEUED] kube-system/kindnet-j88vp | /usr/sbin/iptables
[DEQUEUE-B] process_exec /usr/sbin/iptables pod=kindnet-j88vp
2026-07-24 12:54:36,554 INFO [QUEUED] kube-system/kindnet-j88vp | /usr/sbin/iptables
[DEQUEUE-B] process_exec /usr/sbin/iptables pod=kindnet-j88vp
2026-07-24 12:54:38,551 INFO [QUEUED] default/attacker | /usr/bin/sleep
[DEQUEUE-B] process_exec /usr/bin/sleep pod=attacker
2026-07-24 12:54:39,129 INFO Processed 5000 events
2026-07-24 12:54:39,145 INFO Docker→UID map: 66 entries
2026-07-24 12:54:40,549 INFO [LEARNED] exec container b659ba7f7fac... -> attacker
2026-07-24 12:54:40,550 INFO [QUEUED] kube-system/kube-proxy-2jd2m | /usr/sbin/iptables
[DEQUEUE-B] process_exec /usr/sbin/iptables pod=kube-proxy-2jd2m
2026-07-24 12:54:40,551 INFO [QUEUED] kube-system/kube-proxy-2jd2m | /usr/sbin/ip6tables
[DEQUEUE-B] process_exec /usr/sbin/ip6tables pod=kube-proxy-2jd2m
2026-07-24 12:54:40,552 INFO [QUEUED] default/attacker | /usr/bin/cat
[DEQUEUE-B] process_exec /usr/bin/cat pod=attacker
2026-07-24 12:54:40,553 INFO [QUEUED] kube-system/kube-proxy-x58jj | /usr/sbin/ip6tables
[DEQUEUE-B] process_exec /usr/sbin/ip6tables pod=kube-proxy-x58jj2026-07-24 12:54:40,555 INFO [QUEUED] kube-system/kube-proxy-x58jj | /usr/sbin/iptables

[DEQUEUE-B] process_exec /usr/sbin/iptables pod=kube-proxy-x58jj
2026-07-24 12:54:42,183 INFO Docker→UID map: 66 entries
2026-07-24 12:54:42,549 INFO [QUEUED] kube-system/kindnet-qgrsr | /usr/sbin/iptables
[DEQUEUE-B] process_exec /usr/sbin/iptables pod=kindnet-qgrsr2026-07-24 12:54:42,564 INFO [QUEUED] kube-system/kindnet-qgrsr | /usr/sbin/iptables

2026-07-24 12:54:42,566 INFO [QUEUED] kube-system/kindnet-qgrsr | /usr/sbin/iptables
[DEQUEUE-B] process_exec /usr/sbin/iptables pod=kindnet-qgrsr
2026-07-24 12:54:42,567 INFO [QUEUED] kube-system/kindnet-fvfd4 | /usr/sbin/iptables
[DEQUEUE-B] process_exec /usr/sbin/iptables pod=kindnet-qgrsr
2026-07-24 12:54:42,570 INFO [QUEUED] kube-system/kindnet-fvfd4 | /usr/sbin/iptables
[DEQUEUE-B] process_exec /usr/sbin/iptables pod=kindnet-fvfd4
2026-07-24 12:54:42,572 INFO [QUEUED] kube-system/kindnet-fvfd4 | /usr/sbin/iptables
[DEQUEUE-B] process_exec /usr/sbin/iptables pod=kindnet-fvfd42026-07-24 12:54:42,576 INFO [QUEUED] kube-system/kindnet-fvfd4 | /usr/sbin/iptables

2026-07-24 12:54:42,577 INFO [QUEUED] kube-system/kindnet-qgrsr | /usr/sbin/iptables
[DEQUEUE-B] process_exec /usr/sbin/iptables pod=kindnet-fvfd4
[DEQUEUE-B] process_exec /usr/sbin/iptables pod=kindnet-fvfd4
[DEQUEUE-B] process_exec /usr/sbin/iptables pod=kindnet-qgrsr
2026-07-24 12:54:45,216 INFO Docker→UID map: 66 entries
2026-07-24 12:54:46,533 INFO Processed 5200 events
2026-07-24 12:54:46,549 INFO [LEARNED] exec container b659ba7f7fac... -> attacker
2026-07-24 12:54:46,550 INFO [QUEUED] default/attacker | /usr/bin/cat
[DEQUEUE-B] process_exec /usr/bin/cat pod=attacker
2026-07-24 12:54:47,403 INFO 127.0.0.1 - - [24/Jul/2026 12:54:47] "GET /api/stats HTTP/1.1" 200 -
2026-07-24 12:54:48,250 INFO Docker→UID map: 66 entries
2026-07-24 12:54:50,555 INFO [LEARNED] exec container b659ba7f7fac... -> attacker
2026-07-24 12:54:50,556 INFO [QUEUED] default/attacker | /usr/bin/cat
[DEQUEUE-B] process_exec /usr/bin/cat pod=attacker
2026-07-24 12:54:51,307 INFO Docker→UID map: 66 entries
2026-07-24 12:54:53,593 INFO Processed 5400 events
2026-07-24 12:54:54,340 INFO Docker→UID map: 66 entries
2026-07-24 12:54:59,440 INFO [LEARNED] exec container b659ba7f7fac... -> attacker
2026-07-24 12:54:59,441 INFO [QUEUED] default/attacker | /usr/bin/cat
[DEQUEUE-B] process_exec /usr/bin/cat pod=attacker
2026-07-24 12:55:00,261 INFO Docker→UID map: 66 entries
2026-07-24 12:55:02,197 INFO Processed 5600 events
2026-07-24 12:55:03,288 INFO Docker→UID map: 66 entries
2026-07-24 12:55:05,439 INFO [LEARNED] exec container b659ba7f7fac... -> attacker
2026-07-24 12:55:05,440 INFO [QUEUED] default/attacker | /usr/bin/cat
[DEQUEUE-B] process_exec /usr/bin/cat pod=attacker
2026-07-24 12:55:06,320 INFO Docker→UID map: 66 entries
2026-07-24 12:55:07,440 INFO [QUEUED] kube-system/kube-proxy-qfgjg | /usr/sbin/iptables
[DEQUEUE-B] process_exec /usr/sbin/iptables pod=kube-proxy-qfgjg2026-07-24 12:55:07,442 INFO [QUEUED] kube-system/kube-proxy-qfgjg | /usr/sbin/ip6tables

[DEQUEUE-B] process_exec /usr/sbin/ip6tables pod=kube-proxy-qfgjg
2026-07-24 12:55:09,328 INFO Processed 5800 events
2026-07-24 12:55:09,350 INFO Docker→UID map: 66 entries
2026-07-24 12:55:09,439 INFO [LEARNED] exec container b659ba7f7fac... -> attacker
2026-07-24 12:55:09,440 INFO [QUEUED] default/attacker | /usr/bin/cat
[DEQUEUE-B] process_exec /usr/bin/cat pod=attacker
2026-07-24 12:55:11,440 INFO [QUEUED] default/attacker | /usr/bin/sleep
[DEQUEUE-B] process_exec /usr/bin/sleep pod=attacker
2026-07-24 12:55:12,373 INFO Docker→UID map: 66 entries
2026-07-24 12:55:13,440 INFO [QUEUED] kube-system/kube-proxy-2jd2m | /usr/sbin/iptables
[DEQUEUE-B] process_exec /usr/sbin/iptables pod=kube-proxy-2jd2m
2026-07-24 12:55:13,441 INFO [QUEUED] kube-system/kube-proxy-2jd2m | /usr/sbin/ip6tables
[DEQUEUE-B] process_exec /usr/sbin/ip6tables pod=kube-proxy-2jd2m
2026-07-24 12:55:13,442 INFO [QUEUED] kube-system/kube-proxy-x58jj | /usr/sbin/ip6tables
[DEQUEUE-B] process_exec /usr/sbin/ip6tables pod=kube-proxy-x58jj
2026-07-24 12:55:13,444 INFO [QUEUED] kube-system/kube-proxy-x58jj | /usr/sbin/iptables
[DEQUEUE-B] process_exec /usr/sbin/iptables pod=kube-proxy-x58jj
2026-07-24 12:55:15,182 INFO Processed 6000 events
2026-07-24 12:55:15,410 INFO Docker→UID map: 66 entries
2026-07-24 12:55:15,439 INFO [LEARNED] exec container b659ba7f7fac... -> attacker
2026-07-24 12:55:15,440 INFO [QUEUED] default/attacker | /usr/bin/cat
[DEQUEUE-B] process_exec /usr/bin/cat pod=attacker
2026-07-24 12:55:18,443 INFO Docker→UID map: 66 entries
2026-07-24 12:55:21,439 INFO [LEARNED] exec container b659ba7f7fac... -> attacker
2026-07-24 12:55:21,440 INFO [QUEUED] default/attacker | /usr/bin/cat
[DEQUEUE-B] process_exec /usr/bin/cat pod=attacker
2026-07-24 12:55:21,480 INFO Docker→UID map: 66 entries
2026-07-24 12:55:23,226 INFO Processed 6200 events
2026-07-24 12:55:24,512 INFO Docker→UID map: 66 entries
2026-07-24 12:55:25,440 INFO [LEARNED] exec container b659ba7f7fac... -> attacker
2026-07-24 12:55:25,441 INFO [QUEUED] default/attacker | /usr/bin/cat
[DEQUEUE-B] process_exec /usr/bin/cat pod=attacker
2026-07-24 12:55:27,563 INFO Docker→UID map: 66 entries
2026-07-24 12:55:32,410 INFO Processed 6400 events
2026-07-24 12:55:33,472 INFO Docker→UID map: 66 entries
2026-07-24 12:55:34,321 INFO [LEARNED] exec container b659ba7f7fac... -> attacker
2026-07-24 12:55:34,322 INFO [QUEUED] default/attacker | /usr/bin/cat
[DEQUEUE-B] process_exec /usr/bin/cat pod=attacker
2026-07-24 12:55:36,523 INFO Docker→UID map: 66 entries
2026-07-24 12:55:38,416 INFO Processed 6600 events
2026-07-24 12:55:39,552 INFO Docker→UID map: 66 entries
2026-07-24 12:55:40,322 INFO [LEARNED] exec container b659ba7f7fac... -> attacker
2026-07-24 12:55:40,333 INFO [QUEUED] default/attacker | /usr/bin/cat
[DEQUEUE-B] process_exec /usr/bin/cat pod=attacker
2026-07-24 12:55:40,339 INFO [QUEUED] kube-system/kube-proxy-qfgjg | /usr/sbin/iptables
[DEQUEUE-B] process_exec /usr/sbin/iptables pod=kube-proxy-qfgjg
2026-07-24 12:55:40,342 INFO [QUEUED] kube-system/kube-proxy-qfgjg | /usr/sbin/ip6tables
[DEQUEUE-B] process_exec /usr/sbin/ip6tables pod=kube-proxy-qfgjg
2026-07-24 12:55:42,323 INFO [QUEUED] kube-system/kindnet-j88vp | /usr/sbin/iptables
[DEQUEUE-B] process_exec /usr/sbin/iptables pod=kindnet-j88vp
2026-07-24 12:55:42,324 INFO [QUEUED] kube-system/kindnet-j88vp | /usr/sbin/iptables
[DEQUEUE-B] process_exec /usr/sbin/iptables pod=kindnet-j88vp
2026-07-24 12:55:42,326 INFO [QUEUED] kube-system/kindnet-j88vp | /usr/sbin/iptables
[DEQUEUE-B] process_exec /usr/sbin/iptables pod=kindnet-j88vp
2026-07-24 12:55:42,327 INFO [QUEUED] kube-system/kindnet-j88vp | /usr/sbin/iptables
[DEQUEUE-B] process_exec /usr/sbin/iptables pod=kindnet-j88vp
2026-07-24 12:55:42,605 INFO Docker→UID map: 66 entries
2026-07-24 12:55:44,322 INFO [LEARNED] exec container b659ba7f7fac... -> attacker
2026-07-24 12:55:44,323 INFO [QUEUED] default/attacker | /usr/bin/cat
[DEQUEUE-B] process_exec /usr/bin/cat pod=attacker
2026-07-24 12:55:44,324 INFO [QUEUED] default/attacker | /usr/bin/sleep
[DEQUEUE-B] process_exec /usr/bin/sleep pod=attacker
2026-07-24 12:55:45,477 INFO Processed 6800 events
2026-07-24 12:55:45,632 INFO Docker→UID map: 66 entries
2026-07-24 12:55:46,322 INFO [QUEUED] kube-system/kube-proxy-2jd2m | /usr/sbin/iptables
[DEQUEUE-B] process_exec /usr/sbin/iptables pod=kube-proxy-2jd2m
2026-07-24 12:55:46,323 INFO [QUEUED] kube-system/kube-proxy-2jd2m | /usr/sbin/ip6tables
[DEQUEUE-B] process_exec /usr/sbin/ip6tables pod=kube-proxy-2jd2m
2026-07-24 12:55:46,324 INFO [QUEUED] kube-system/kube-proxy-x58jj | /usr/sbin/ip6tables
[DEQUEUE-B] process_exec /usr/sbin/ip6tables pod=kube-proxy-x58jj
2026-07-24 12:55:46,324 INFO [QUEUED] kube-system/kube-proxy-x58jj | /usr/sbin/iptables
[DEQUEUE-B] process_exec /usr/sbin/iptables pod=kube-proxy-x58jj
2026-07-24 12:55:48,026 INFO 127.0.0.1 - - [24/Jul/2026 12:55:48] "GET /api/stats HTTP/1.1" 200 -
2026-07-24 12:55:48,075 INFO 127.0.0.1 - - [24/Jul/2026 12:55:48] "[33mGET /favicon.ico HTTP/1.1[0m" 404 -
2026-07-24 12:55:48,322 INFO [QUEUED] kube-system/kindnet-qgrsr | /usr/sbin/iptables
[DEQUEUE-B] process_exec /usr/sbin/iptables pod=kindnet-qgrsr
2026-07-24 12:55:48,323 INFO [QUEUED] kube-system/kindnet-qgrsr | /usr/sbin/iptables
[DEQUEUE-B] process_exec /usr/sbin/iptables pod=kindnet-qgrsr2026-07-24 12:55:48,324 INFO [QUEUED] kube-system/kindnet-qgrsr | /usr/sbin/iptables

2026-07-24 12:55:48,326 INFO [QUEUED] kube-system/kindnet-fvfd4 | /usr/sbin/iptables
[DEQUEUE-B] process_exec /usr/sbin/iptables pod=kindnet-qgrsr
2026-07-24 12:55:48,327 INFO [QUEUED] kube-system/kindnet-fvfd4 | /usr/sbin/iptables
[DEQUEUE-B] process_exec /usr/sbin/iptables pod=kindnet-fvfd4
2026-07-24 12:55:48,328 INFO [QUEUED] kube-system/kindnet-fvfd4 | /usr/sbin/iptables
[DEQUEUE-B] process_exec /usr/sbin/iptables pod=kindnet-fvfd4
2026-07-24 12:55:48,330 INFO [QUEUED] kube-system/kindnet-fvfd4 | /usr/sbin/iptables
[DEQUEUE-B] process_exec /usr/sbin/iptables pod=kindnet-fvfd4
2026-07-24 12:55:48,331 INFO [QUEUED] kube-system/kindnet-qgrsr | /usr/sbin/iptables
[DEQUEUE-B] process_exec /usr/sbin/iptables pod=kindnet-fvfd4
[DEQUEUE-B] process_exec /usr/sbin/iptables pod=kindnet-qgrsr
2026-07-24 12:55:48,663 INFO Docker→UID map: 66 entries
2026-07-24 12:55:50,321 INFO [LEARNED] exec container b659ba7f7fac... -> attacker
2026-07-24 12:55:50,322 INFO [QUEUED] default/attacker | /usr/bin/cat
[DEQUEUE-B] process_exec /usr/bin/cat pod=attacker
2026-07-24 12:55:51,691 INFO Docker→UID map: 66 entries
2026-07-24 12:55:51,813 INFO Processed 7000 events
2026-07-24 12:55:54,322 INFO [LEARNED] exec container b659ba7f7fac... -> attacker
2026-07-24 12:55:54,323 INFO [QUEUED] default/attacker | /usr/bin/cat
[DEQUEUE-B] process_exec /usr/bin/cat pod=attacker
2026-07-24 12:55:54,724 INFO Docker→UID map: 66 entries
2026-07-24 12:55:57,754 INFO Docker→UID map: 66 entries
2026-07-24 12:55:57,774 INFO Processed 7200 events
2026-07-24 12:56:00,321 INFO [LEARNED] exec container b659ba7f7fac... -> attacker
2026-07-24 12:56:00,322 INFO [QUEUED] default/attacker | /usr/bin/cat
[DEQUEUE-B] process_exec /usr/bin/cat pod=attacker
2026-07-24 12:56:00,791 INFO Docker→UID map: 66 entries
2026-07-24 12:56:06,751 INFO Docker→UID map: 66 entries
2026-07-24 12:56:07,661 INFO Processed 7400 events
2026-07-24 12:56:09,250 INFO [LEARNED] exec container b659ba7f7fac... -> attacker
2026-07-24 12:56:09,251 INFO [QUEUED] default/attacker | /usr/bin/cat
[DEQUEUE-B] process_exec /usr/bin/cat pod=attacker
2026-07-24 12:56:09,849 INFO Docker→UID map: 66 entries
2026-07-24 12:56:12,903 INFO Docker→UID map: 66 entries
2026-07-24 12:56:13,250 INFO [QUEUED] kube-system/kube-proxy-qfgjg | /usr/sbin/iptables
[DEQUEUE-B] process_exec /usr/sbin/iptables pod=kube-proxy-qfgjg
2026-07-24 12:56:13,251 INFO [QUEUED] kube-system/kube-proxy-qfgjg | /usr/sbin/ip6tables
[DEQUEUE-B] process_exec /usr/sbin/ip6tables pod=kube-proxy-qfgjg
2026-07-24 12:56:13,252 INFO [LEARNED] exec container b659ba7f7fac... -> attacker
2026-07-24 12:56:13,253 INFO [QUEUED] default/attacker | /usr/bin/cat
[DEQUEUE-B] process_exec /usr/bin/cat pod=attacker
2026-07-24 12:56:14,389 INFO Processed 7600 events
2026-07-24 12:56:16,042 INFO Docker→UID map: 66 entries
2026-07-24 12:56:17,250 INFO [QUEUED] default/attacker | /usr/bin/sleep
[DEQUEUE-B] process_exec /usr/bin/sleep pod=attacker
2026-07-24 12:56:19,069 INFO Docker→UID map: 66 entries
2026-07-24 12:56:19,249 INFO [LEARNED] exec container b659ba7f7fac... -> attacker
2026-07-24 12:56:19,250 INFO [QUEUED] default/attacker | /usr/bin/cat
[DEQUEUE-B] process_exec /usr/bin/cat pod=attacker
2026-07-24 12:56:19,251 INFO [QUEUED] kube-system/kube-proxy-2jd2m | /usr/sbin/iptables
[DEQUEUE-B] process_exec /usr/sbin/iptables pod=kube-proxy-2jd2m
2026-07-24 12:56:19,252 INFO [QUEUED] kube-system/kube-proxy-2jd2m | /usr/sbin/ip6tables
[DEQUEUE-B] process_exec /usr/sbin/ip6tables pod=kube-proxy-2jd2m
2026-07-24 12:56:19,253 INFO [QUEUED] kube-system/kube-proxy-x58jj | /usr/sbin/ip6tables
[DEQUEUE-B] process_exec /usr/sbin/ip6tables pod=kube-proxy-x58jj
2026-07-24 12:56:19,254 INFO [QUEUED] kube-system/kube-proxy-x58jj | /usr/sbin/iptables
[DEQUEUE-B] process_exec /usr/sbin/iptables pod=kube-proxy-x58jj
2026-07-24 12:56:20,392 INFO Processed 7800 events
2026-07-24 12:56:22,109 INFO Docker→UID map: 66 entries
2026-07-24 12:56:25,169 INFO Docker→UID map: 66 entries
2026-07-24 12:56:25,250 INFO [LEARNED] exec container b659ba7f7fac... -> attacker
2026-07-24 12:56:25,251 INFO [QUEUED] default/attacker | /usr/bin/cat
[DEQUEUE-B] process_exec /usr/bin/cat pod=attacker
2026-07-24 12:56:27,313 INFO Processed 8000 events
2026-07-24 12:56:28,196 INFO Docker→UID map: 66 entries
2026-07-24 12:56:29,250 INFO [LEARNED] exec container b659ba7f7fac... -> attacker
2026-07-24 12:56:29,251 INFO [QUEUED] default/attacker | /usr/bin/cat
[DEQUEUE-B] process_exec /usr/bin/cat pod=attacker
2026-07-24 12:56:31,252 INFO Docker→UID map: 66 entries
2026-07-24 12:56:34,009 INFO Processed 8200 events
2026-07-24 12:56:34,287 INFO Docker→UID map: 66 entries
2026-07-24 12:56:38,044 INFO [LEARNED] exec container b659ba7f7fac... -> attacker
2026-07-24 12:56:38,045 INFO [QUEUED] default/attacker | /usr/bin/cat
[DEQUEUE-B] process_exec /usr/bin/cat pod=attacker
2026-07-24 12:56:40,119 INFO Docker→UID map: 66 entries
2026-07-24 12:56:43,164 INFO Docker→UID map: 66 entries
2026-07-24 12:56:44,044 INFO [LEARNED] exec container b659ba7f7fac... -> attacker
2026-07-24 12:56:44,045 INFO [QUEUED] default/attacker | /usr/bin/cat
[DEQUEUE-B] process_exec /usr/bin/cat pod=attacker
2026-07-24 12:56:44,218 INFO Processed 8400 events
2026-07-24 12:56:46,045 INFO [QUEUED] kube-system/kube-proxy-qfgjg | /usr/sbin/iptables
[DEQUEUE-B] process_exec /usr/sbin/iptables pod=kube-proxy-qfgjg
2026-07-24 12:56:46,046 INFO [QUEUED] kube-system/kube-proxy-qfgjg | /usr/sbin/ip6tables
[DEQUEUE-B] process_exec /usr/sbin/ip6tables pod=kube-proxy-qfgjg
2026-07-24 12:56:46,205 INFO Docker→UID map: 66 entries
2026-07-24 12:56:48,048 INFO [LEARNED] exec container b659ba7f7fac... -> attacker
2026-07-24 12:56:48,049 INFO [QUEUED] default/attacker | /usr/bin/cat
[DEQUEUE-B] process_exec /usr/bin/cat pod=attacker
2026-07-24 12:56:48,049 INFO [QUEUED] kube-system/kindnet-j88vp | /usr/sbin/iptables
[DEQUEUE-B] process_exec /usr/sbin/iptables pod=kindnet-j88vp
2026-07-24 12:56:48,051 INFO [QUEUED] kube-system/kindnet-j88vp | /usr/sbin/iptables
2026-07-24 12:56:48,053 INFO [QUEUED] kube-system/kindnet-j88vp | /usr/sbin/iptables
[DEQUEUE-B] process_exec /usr/sbin/iptables pod=kindnet-j88vp
2026-07-24 12:56:48,053 INFO [QUEUED] kube-system/kindnet-j88vp | /usr/sbin/iptables
[DEQUEUE-B] process_exec /usr/sbin/iptables pod=kindnet-j88vp
[DEQUEUE-B] process_exec /usr/sbin/iptables pod=kindnet-j88vp
2026-07-24 12:56:49,236 INFO Docker→UID map: 66 entries
2026-07-24 12:56:50,045 INFO [QUEUED] default/attacker | /usr/bin/sleep
[DEQUEUE-B] process_exec /usr/bin/sleep pod=attacker
2026-07-24 12:56:50,226 INFO Processed 8600 events
2026-07-24 12:56:52,045 INFO [QUEUED] kube-system/kube-proxy-2jd2m | /usr/sbin/iptables
[DEQUEUE-B] process_exec /usr/sbin/iptables pod=kube-proxy-2jd2m
2026-07-24 12:56:52,045 INFO [QUEUED] kube-system/kube-proxy-2jd2m | /usr/sbin/ip6tables
[DEQUEUE-B] process_exec /usr/sbin/ip6tables pod=kube-proxy-2jd2m
2026-07-24 12:56:52,047 INFO [QUEUED] kube-system/kube-proxy-x58jj | /usr/sbin/ip6tables
[DEQUEUE-B] process_exec /usr/sbin/ip6tables pod=kube-proxy-x58jj
2026-07-24 12:56:52,048 INFO [QUEUED] kube-system/kube-proxy-x58jj | /usr/sbin/iptables
[DEQUEUE-B] process_exec /usr/sbin/iptables pod=kube-proxy-x58jj
2026-07-24 12:56:52,367 INFO Docker→UID map: 66 entries
2026-07-24 12:56:54,044 INFO [LEARNED] exec container b659ba7f7fac... -> attacker
2026-07-24 12:56:54,045 INFO [QUEUED] default/attacker | /usr/bin/cat
2026-07-24 12:56:54,045 INFO [QUEUED] kube-system/kindnet-fvfd4 | /usr/sbin/iptables
[DEQUEUE-B] process_exec /usr/bin/cat pod=attacker
2026-07-24 12:56:54,046 INFO [QUEUED] kube-system/kindnet-fvfd4 | /usr/sbin/iptables
[DEQUEUE-B] process_exec /usr/sbin/iptables pod=kindnet-fvfd4
2026-07-24 12:56:54,047 INFO [QUEUED] kube-system/kindnet-fvfd4 | /usr/sbin/iptables
[DEQUEUE-B] process_exec /usr/sbin/iptables pod=kindnet-fvfd42026-07-24 12:56:54,049 INFO [QUEUED] kube-system/kindnet-fvfd4 | /usr/sbin/iptables

2026-07-24 12:56:54,050 INFO [QUEUED] kube-system/kindnet-qgrsr | /usr/sbin/iptables
[DEQUEUE-B] process_exec /usr/sbin/iptables pod=kindnet-fvfd4
2026-07-24 12:56:54,050 INFO [QUEUED] kube-system/kindnet-qgrsr | /usr/sbin/iptables
2026-07-24 12:56:54,051 INFO [QUEUED] kube-system/kindnet-qgrsr | /usr/sbin/iptables
[DEQUEUE-B] process_exec /usr/sbin/iptables pod=kindnet-fvfd4
2026-07-24 12:56:54,052 INFO [QUEUED] kube-system/kindnet-qgrsr | /usr/sbin/iptables
[DEQUEUE-B] process_exec /usr/sbin/iptables pod=kindnet-qgrsr
[DEQUEUE-B] process_exec /usr/sbin/iptables pod=kindnet-qgrsr
[DEQUEUE-B] process_exec /usr/sbin/iptables pod=kindnet-qgrsr
[DEQUEUE-B] process_exec /usr/sbin/iptables pod=kindnet-qgrsr
2026-07-24 12:56:55,402 INFO Docker→UID map: 66 entries
2026-07-24 12:56:56,235 INFO Processed 8800 events
2026-07-24 12:56:58,429 INFO Docker→UID map: 66 entries
2026-07-24 12:57:00,044 INFO [LEARNED] exec container b659ba7f7fac... -> attacker
2026-07-24 12:57:00,045 INFO [QUEUED] default/attacker | /usr/bin/cat
[DEQUEUE-B] process_exec /usr/bin/cat pod=attacker
2026-07-24 12:57:01,463 INFO Docker→UID map: 66 entries
2026-07-24 12:57:02,737 INFO Processed 9000 events
2026-07-24 12:57:04,044 INFO [LEARNED] exec container b659ba7f7fac... -> attacker
2026-07-24 12:57:04,045 INFO [QUEUED] default/attacker | /usr/bin/cat
[DEQUEUE-B] process_exec /usr/bin/cat pod=attacker
2026-07-24 12:57:04,492 INFO Docker→UID map: 66 entries
2026-07-24 12:57:08,629 INFO Docker→UID map: 66 entries
2026-07-24 12:57:12,606 INFO Processed 9200 events
2026-07-24 12:57:12,865 INFO [LEARNED] exec container b659ba7f7fac... -> attacker
2026-07-24 12:57:12,866 INFO [QUEUED] default/attacker | /usr/bin/cat
[DEQUEUE-B] process_exec /usr/bin/cat pod=attacker
2026-07-24 12:57:13,376 INFO Docker→UID map: 66 entries
2026-07-24 12:57:16,406 INFO Docker→UID map: 66 entries
2026-07-24 12:57:16,864 INFO [LEARNED] exec container b659ba7f7fac... -> attacker
2026-07-24 12:57:16,871 INFO [QUEUED] default/attacker | /usr/bin/cat
[DEQUEUE-B] process_exec /usr/bin/cat pod=attacker
2026-07-24 12:57:18,863 INFO [QUEUED] kube-system/kube-proxy-qfgjg | /usr/sbin/ip6tables
[DEQUEUE-B] process_exec /usr/sbin/ip6tables pod=kube-proxy-qfgjg
2026-07-24 12:57:18,864 INFO [QUEUED] kube-system/kube-proxy-qfgjg | /usr/sbin/iptables
[DEQUEUE-B] process_exec /usr/sbin/iptables pod=kube-proxy-qfgjg
2026-07-24 12:57:19,439 INFO Docker→UID map: 66 entries
2026-07-24 12:57:19,733 INFO Processed 9400 events
2026-07-24 12:57:22,475 INFO Docker→UID map: 66 entries
2026-07-24 12:57:22,865 INFO [LEARNED] exec container b659ba7f7fac... -> attacker
2026-07-24 12:57:22,866 INFO [QUEUED] default/attacker | /usr/bin/cat
2026-07-24 12:57:22,867 INFO [QUEUED] default/attacker | /usr/bin/sleep
[DEQUEUE-B] process_exec /usr/bin/cat pod=attacker
[DEQUEUE-B] process_exec /usr/bin/sleep pod=attacker
2026-07-24 12:57:24,864 INFO [QUEUED] kube-system/kube-proxy-2jd2m | /usr/sbin/iptables
[DEQUEUE-B] process_exec /usr/sbin/iptables pod=kube-proxy-2jd2m
2026-07-24 12:57:24,868 INFO [QUEUED] kube-system/kube-proxy-2jd2m | /usr/sbin/ip6tables
[DEQUEUE-B] process_exec /usr/sbin/ip6tables pod=kube-proxy-2jd2m
2026-07-24 12:57:24,885 INFO [QUEUED] kube-system/kube-proxy-x58jj | /usr/sbin/ip6tables
[DEQUEUE-B] process_exec /usr/sbin/ip6tables pod=kube-proxy-x58jj
2026-07-24 12:57:24,927 INFO [QUEUED] kube-system/kube-proxy-x58jj | /usr/sbin/iptables
[DEQUEUE-B] process_exec /usr/sbin/iptables pod=kube-proxy-x58jj
2026-07-24 12:57:25,507 INFO Docker→UID map: 66 entries
2026-07-24 12:57:25,640 INFO Processed 9600 events
2026-07-24 12:57:28,549 INFO Docker→UID map: 66 entries
2026-07-24 12:57:28,864 INFO [LEARNED] exec container b659ba7f7fac... -> attacker
2026-07-24 12:57:28,865 INFO [QUEUED] default/attacker | /usr/bin/cat
[DEQUEUE-B] process_exec /usr/bin/cat pod=attacker
2026-07-24 12:57:29,962 INFO [AUDIT] pod/exec by kubernetes-admin -> default/attacker
[DEQUEUE-B] pod_exec  pod=attacker
2026-07-24 12:57:29,977 WARNING [MEDIUM] T1021: Remote exec into default/attacker
2026-07-24 12:57:31,564 INFO Processed 9800 events
2026-07-24 12:57:31,585 INFO Docker→UID map: 66 entries
2026-07-24 12:57:32,864 INFO [LEARNED] exec container b659ba7f7fac... -> attacker
2026-07-24 12:57:32,869 INFO [QUEUED] default/attacker | /usr/bin/cat
[DEQUEUE-B] process_exec /usr/bin/cat pod=attacker
2026-07-24 12:57:34,616 INFO Docker→UID map: 66 entries
2026-07-24 12:57:37,643 INFO Docker→UID map: 66 entries
2026-07-24 12:57:38,114 INFO Processed 10000 events
2026-07-24 12:57:38,864 INFO [LEARNED] exec container b659ba7f7fac... -> attacker
2026-07-24 12:57:38,864 INFO [QUEUED] default/attacker | /usr/bin/cat
[DEQUEUE-B] process_exec /usr/bin/cat pod=attacker
2026-07-24 12:57:43,662 INFO Docker→UID map: 66 entries
2026-07-24 12:57:46,694 INFO Docker→UID map: 66 entries
2026-07-24 12:57:47,086 INFO Processed 10200 events
2026-07-24 12:57:47,830 INFO [LEARNED] exec container b659ba7f7fac... -> attacker
2026-07-24 12:57:47,831 INFO [QUEUED] default/attacker | /usr/bin/cat
[DEQUEUE-B] process_exec /usr/bin/cat pod=attacker
2026-07-24 12:57:49,718 INFO Docker→UID map: 66 entries
2026-07-24 12:57:50,762 INFO 127.0.0.1 - - [24/Jul/2026 12:57:50] "GET /api/stats HTTP/1.1" 200 -
2026-07-24 12:57:50,801 INFO 127.0.0.1 - - [24/Jul/2026 12:57:50] "[33mGET /favicon.ico HTTP/1.1[0m" 404 -
2026-07-24 12:57:51,831 INFO [QUEUED] kube-system/kube-proxy-qfgjg | /usr/sbin/iptables
2026-07-24 12:57:51,831 INFO [QUEUED] kube-system/kube-proxy-qfgjg | /usr/sbin/ip6tables
[DEQUEUE-B] process_exec /usr/sbin/iptables pod=kube-proxy-qfgjg
2026-07-24 12:57:51,832 INFO [LEARNED] exec container b659ba7f7fac... -> attacker
[DEQUEUE-B] process_exec /usr/sbin/ip6tables pod=kube-proxy-qfgjg
2026-07-24 12:57:51,833 INFO [QUEUED] default/attacker | /usr/bin/cat
[DEQUEUE-B] process_exec /usr/bin/cat pod=attacker
2026-07-24 12:57:52,756 INFO Docker→UID map: 66 entries
2026-07-24 12:57:53,831 INFO [QUEUED] kube-system/kindnet-j88vp | /usr/sbin/iptables
[DEQUEUE-B] process_exec /usr/sbin/iptables pod=kindnet-j88vp
2026-07-24 12:57:53,831 INFO [QUEUED] kube-system/kindnet-j88vp | /usr/sbin/iptables
2026-07-24 12:57:53,832 INFO [QUEUED] kube-system/kindnet-j88vp | /usr/sbin/iptables
[DEQUEUE-B] process_exec /usr/sbin/iptables pod=kindnet-j88vp
2026-07-24 12:57:53,833 INFO [QUEUED] kube-system/kindnet-j88vp | /usr/sbin/iptables
[DEQUEUE-B] process_exec /usr/sbin/iptables pod=kindnet-j88vp
[DEQUEUE-B] process_exec /usr/sbin/iptables pod=kindnet-j88vp
2026-07-24 12:57:54,309 INFO Processed 10400 events
2026-07-24 12:57:55,798 INFO Docker→UID map: 66 entries
2026-07-24 12:57:55,832 INFO [QUEUED] default/attacker | /usr/bin/sleep
[DEQUEUE-B] process_exec /usr/bin/sleep pod=attacker
2026-07-24 12:57:57,831 INFO [LEARNED] exec container b659ba7f7fac... -> attacker
2026-07-24 12:57:57,832 INFO [QUEUED] default/attacker | /usr/bin/cat
2026-07-24 12:57:57,833 INFO [QUEUED] kube-system/kube-proxy-2jd2m | /usr/sbin/iptables
[DEQUEUE-B] process_exec /usr/bin/cat pod=attacker2026-07-24 12:57:57,834 INFO [QUEUED] kube-system/kube-proxy-2jd2m | /usr/sbin/ip6tables

2026-07-24 12:57:57,835 INFO [QUEUED] kube-system/kube-proxy-x58jj | /usr/sbin/ip6tables
[DEQUEUE-B] process_exec /usr/sbin/iptables pod=kube-proxy-2jd2m
2026-07-24 12:57:57,837 INFO [QUEUED] kube-system/kube-proxy-x58jj | /usr/sbin/iptables
[DEQUEUE-B] process_exec /usr/sbin/ip6tables pod=kube-proxy-2jd2m
[DEQUEUE-B] process_exec /usr/sbin/ip6tables pod=kube-proxy-x58jj
[DEQUEUE-B] process_exec /usr/sbin/iptables pod=kube-proxy-x58jj
2026-07-24 12:57:58,824 INFO Docker→UID map: 66 entries
2026-07-24 12:57:59,831 INFO [QUEUED] kube-system/kindnet-fvfd4 | /usr/sbin/iptables
2026-07-24 12:57:59,832 INFO [QUEUED] kube-system/kindnet-fvfd4 | /usr/sbin/iptables
[DEQUEUE-B] process_exec /usr/sbin/iptables pod=kindnet-fvfd4
2026-07-24 12:57:59,833 INFO [QUEUED] kube-system/kindnet-fvfd4 | /usr/sbin/iptables
[DEQUEUE-B] process_exec /usr/sbin/iptables pod=kindnet-fvfd4
2026-07-24 12:57:59,836 INFO [QUEUED] kube-system/kindnet-fvfd4 | /usr/sbin/iptables
[DEQUEUE-B] process_exec /usr/sbin/iptables pod=kindnet-fvfd4
2026-07-24 12:57:59,838 INFO [QUEUED] kube-system/kindnet-qgrsr | /usr/sbin/iptables
[DEQUEUE-B] process_exec /usr/sbin/iptables pod=kindnet-fvfd4
2026-07-24 12:57:59,840 INFO [QUEUED] kube-system/kindnet-qgrsr | /usr/sbin/iptables
[DEQUEUE-B] process_exec /usr/sbin/iptables pod=kindnet-qgrsr
2026-07-24 12:57:59,843 INFO [QUEUED] kube-system/kindnet-qgrsr | /usr/sbin/iptables
2026-07-24 12:57:59,845 INFO [QUEUED] kube-system/kindnet-qgrsr | /usr/sbin/iptables
[DEQUEUE-B] process_exec /usr/sbin/iptables pod=kindnet-qgrsr
[DEQUEUE-B] process_exec /usr/sbin/iptables pod=kindnet-qgrsr
[DEQUEUE-B] process_exec /usr/sbin/iptables pod=kindnet-qgrsr
2026-07-24 12:58:00,373 INFO Processed 10600 events
2026-07-24 12:58:01,831 INFO [LEARNED] exec container b659ba7f7fac... -> attacker
2026-07-24 12:58:01,833 INFO [QUEUED] default/attacker | /bin/bash
[DEQUEUE-B] process_exec /bin/bash pod=attacker
2026-07-24 12:58:01,833 INFO [QUEUED] default/attacker | /usr/bin/ls
2026-07-24 12:58:01,835 INFO [QUEUED] default/attacker | /usr/bin/whoami
2026-07-24 12:58:01,835 INFO [QUEUED] default/attacker | /usr/bin/sleep
2026-07-24 12:58:01,834 WARNING [MEDIUM] T1059: Shell in default/attacker (preceded by kubectl exec)
[DEQUEUE-B] process_exec /usr/bin/ls pod=attacker
[DEQUEUE-B] process_exec /usr/bin/whoami pod=attacker
[DEQUEUE-B] process_exec /usr/bin/sleep pod=attacker
2026-07-24 12:58:01,853 INFO Docker→UID map: 66 entries
2026-07-24 12:58:03,831 INFO [LEARNED] exec container b659ba7f7fac... -> attacker
2026-07-24 12:58:03,832 INFO [QUEUED] default/attacker | /usr/bin/cat
[DEQUEUE-B] process_exec /usr/bin/cat pod=attacker
2026-07-24 12:58:04,893 INFO Docker→UID map: 66 entries
2026-07-24 12:58:05,665 INFO Processed 10800 events
2026-07-24 12:58:07,831 INFO [LEARNED] exec container b659ba7f7fac... -> attacker
2026-07-24 12:58:07,832 INFO [QUEUED] default/attacker | /usr/bin/cat
[DEQUEUE-B] process_exec /usr/bin/cat pod=attacker
2026-07-24 12:58:07,934 INFO Docker→UID map: 66 entries
2026-07-24 12:58:10,958 INFO Docker→UID map: 66 entries
2026-07-24 12:58:16,611 INFO [LEARNED] exec container b659ba7f7fac... -> attacker
2026-07-24 12:58:16,612 INFO [QUEUED] default/attacker | /usr/bin/cat
[DEQUEUE-B] process_exec /usr/bin/cat pod=attacker
2026-07-24 12:58:16,750 INFO Processed 11000 events
2026-07-24 12:58:16,773 INFO Docker→UID map: 66 entries
2026-07-24 12:58:17,075 INFO [AUDIT] pod/exec by kubernetes-admin -> default/attacker
[DEQUEUE-B] pod_exec  pod=attacker
2026-07-24 12:58:17,077 WARNING [MEDIUM] T1021: Remote exec into default/attacker
2026-07-24 12:58:19,817 INFO Docker→UID map: 66 entries
2026-07-24 12:58:20,611 INFO [LEARNED] exec container b659ba7f7fac... -> attacker
2026-07-24 12:58:22,612 INFO [QUEUED] default/attacker | /usr/bin/cat
[DEQUEUE-B] process_exec /usr/bin/cat pod=attacker
2026-07-24 12:58:22,829 INFO Processed 11200 events
2026-07-24 12:58:22,858 INFO Docker→UID map: 66 entries
2026-07-24 12:58:24,611 INFO [QUEUED] kube-system/kube-proxy-qfgjg | /usr/sbin/iptables
[DEQUEUE-B] process_exec /usr/sbin/iptables pod=kube-proxy-qfgjg2026-07-24 12:58:24,636 INFO [QUEUED] kube-system/kube-proxy-qfgjg | /usr/sbin/ip6tables

[DEQUEUE-B] process_exec /usr/sbin/ip6tables pod=kube-proxy-qfgjg
2026-07-24 12:58:25,881 INFO Docker→UID map: 66 entries
2026-07-24 12:58:26,612 INFO [LEARNED] exec container b659ba7f7fac... -> attacker
2026-07-24 12:58:26,612 INFO [QUEUED] default/attacker | /usr/bin/cat
[DEQUEUE-B] process_exec /usr/bin/cat pod=attacker
2026-07-24 12:58:28,363 INFO [AUDIT] pod/exec by kubernetes-admin -> default/attacker
[DEQUEUE-B] pod_exec  pod=attacker
2026-07-24 12:58:28,363 WARNING [MEDIUM] T1021: Remote exec into default/attacker
2026-07-24 12:58:28,538 INFO Processed 11400 events
2026-07-24 12:58:28,612 INFO [QUEUED] default/attacker | /usr/bin/sleep
[DEQUEUE-B] process_exec /usr/bin/sleep pod=attacker
2026-07-24 12:58:28,632 INFO [NET] default/attacker -> 10.96.0.1:443
[DEQUEUE-B] network_connect  pod=attacker
2026-07-24 12:58:28,656 INFO Processed 11600 events
2026-07-24 12:58:28,673 INFO [AUDIT] secret list by system:serviceaccount:default:default | pod=attacker
[DEQUEUE-B] k8s_secret_access  pod=attacker
2026-07-24 12:58:28,675 WARNING [HIGH] T1552: Secret access by default/attacker
2026-07-24 12:58:28,676 WARNING [CRITICAL] T1059→T1552 CHAIN on default/attacker
2026-07-24 12:58:28,676 WARNING [CRITICAL] T1021→T1059→T1552 FULL CHAIN on default/attacker
2026-07-24 12:58:28,677 INFO [AUDIT] pod/exec by kubernetes-admin -> default/attacker
[DEQUEUE-B] pod_exec  pod=attacker
2026-07-24 12:58:28,678 WARNING [MEDIUM] T1021: Remote exec into default/attacker
2026-07-24 12:58:28,916 INFO Docker→UID map: 66 entries
2026-07-24 12:58:30,612 INFO [QUEUED] kube-system/kube-proxy-2jd2m | /usr/sbin/iptables
[DEQUEUE-B] process_exec /usr/sbin/iptables pod=kube-proxy-2jd2m
2026-07-24 12:58:30,612 INFO [QUEUED] kube-system/kube-proxy-2jd2m | /usr/sbin/ip6tables
[DEQUEUE-B] process_exec /usr/sbin/ip6tables pod=kube-proxy-2jd2m
2026-07-24 12:58:30,613 INFO [QUEUED] kube-system/kube-proxy-x58jj | /usr/sbin/ip6tables
[DEQUEUE-B] process_exec /usr/sbin/ip6tables pod=kube-proxy-x58jj
2026-07-24 12:58:30,614 INFO [QUEUED] kube-system/kube-proxy-x58jj | /usr/sbin/iptables
[DEQUEUE-B] process_exec /usr/sbin/iptables pod=kube-proxy-x58jj
2026-07-24 12:58:31,953 INFO Docker→UID map: 66 entries
2026-07-24 12:58:32,611 INFO [LEARNED] exec container b659ba7f7fac... -> attacker
2026-07-24 12:58:32,612 INFO [QUEUED] default/attacker | /usr/bin/cat
[DEQUEUE-B] process_exec /usr/bin/cat pod=attacker
2026-07-24 12:58:34,559 INFO Processed 11800 events
2026-07-24 12:58:34,987 INFO Docker→UID map: 66 entries
2026-07-24 12:58:36,611 INFO [LEARNED] exec container b659ba7f7fac... -> attacker
2026-07-24 12:58:36,612 INFO [QUEUED] default/attacker | /usr/bin/cat
[DEQUEUE-B] process_exec /usr/bin/cat pod=attacker
2026-07-24 12:58:38,027 INFO Docker→UID map: 66 entries
2026-07-24 12:58:40,668 INFO Processed 12000 events
2026-07-24 12:58:41,052 INFO Docker→UID map: 66 entries
2026-07-24 12:58:42,612 INFO [LEARNED] exec container b659ba7f7fac... -> attacker
2026-07-24 12:58:42,613 INFO [QUEUED] default/attacker | /usr/bin/cat
[DEQUEUE-B] process_exec /usr/bin/cat pod=attacker
2026-07-24 12:58:44,084 INFO Docker→UID map: 66 entries
2026-07-24 12:58:49,429 INFO [LEARNED] exec container b659ba7f7fac... -> attacker
2026-07-24 12:58:49,430 INFO [QUEUED] default/attacker | /usr/bin/bash
[DEQUEUE-B] process_exec /usr/bin/bash pod=attacker
2026-07-24 12:58:49,431 INFO [QUEUED] default/attacker | /usr/bin/cat
2026-07-24 12:58:49,432 WARNING [MEDIUM] T1059: Shell in default/attacker (preceded by kubectl exec)
[DEQUEUE-B] process_exec /usr/bin/cat pod=attacker
2026-07-24 12:58:49,767 INFO Processed 12200 events
2026-07-24 12:58:49,933 INFO Docker→UID map: 66 entries
2026-07-24 12:58:51,429 INFO [LEARNED] exec container b659ba7f7fac... -> attacker
2026-07-24 12:58:51,432 INFO [QUEUED] default/attacker | /usr/bin/cat
[DEQUEUE-B] process_exec /usr/bin/cat pod=attacker
2026-07-24 12:58:52,967 INFO Docker→UID map: 66 entries
2026-07-24 12:58:55,428 INFO [LEARNED] exec container b659ba7f7fac... -> attacker
2026-07-24 12:58:55,429 INFO [QUEUED] default/attacker | /usr/bin/cat
[DEQUEUE-B] process_exec /usr/bin/cat pod=attacker
2026-07-24 12:58:55,768 INFO Processed 12400 events
2026-07-24 12:58:56,005 INFO Docker→UID map: 66 entries
2026-07-24 12:58:57,427 INFO [QUEUED] kube-system/kube-proxy-qfgjg | /usr/sbin/iptables
2026-07-24 12:58:57,428 INFO [QUEUED] kube-system/kube-proxy-qfgjg | /usr/sbin/ip6tables
[DEQUEUE-B] process_exec /usr/sbin/iptables pod=kube-proxy-qfgjg
[DEQUEUE-B] process_exec /usr/sbin/ip6tables pod=kube-proxy-qfgjg
2026-07-24 12:58:59,035 INFO Docker→UID map: 66 entries
2026-07-24 12:58:59,428 INFO [LEARNED] exec container b659ba7f7fac... -> attacker
2026-07-24 12:58:59,429 INFO [QUEUED] default/attacker | /usr/bin/cat
[DEQUEUE-B] process_exec /usr/bin/cat pod=attacker
2026-07-24 12:58:59,429 INFO [LEARNED] exec container b659ba7f7fac... -> attacker
2026-07-24 12:58:59,430 INFO [QUEUED] default/attacker | /usr/local/bin/kubectl
[DEQUEUE-B] process_exec /usr/local/bin/kubectl pod=attacker
2026-07-24 12:59:01,429 INFO [QUEUED] kube-system/kindnet-j88vp | /usr/sbin/iptables
2026-07-24 12:59:01,430 INFO [QUEUED] kube-system/kindnet-j88vp | /usr/sbin/iptables
[DEQUEUE-B] process_exec /usr/sbin/iptables pod=kindnet-j88vp
2026-07-24 12:59:01,431 INFO [QUEUED] kube-system/kindnet-j88vp | /usr/sbin/iptables
2026-07-24 12:59:01,432 INFO [QUEUED] kube-system/kindnet-j88vp | /usr/sbin/iptables
[DEQUEUE-B] process_exec /usr/sbin/iptables pod=kindnet-j88vp
2026-07-24 12:59:01,433 INFO [LEARNED] exec container b659ba7f7fac... -> attacker
2026-07-24 12:59:01,435 INFO [QUEUED] default/attacker | /usr/bin/cat
[DEQUEUE-B] process_exec /usr/sbin/iptables pod=kindnet-j88vp
2026-07-24 12:59:01,436 INFO [QUEUED] default/attacker | /usr/bin/sleep
[DEQUEUE-B] process_exec /usr/sbin/iptables pod=kindnet-j88vp
[DEQUEUE-B] process_exec /usr/bin/cat pod=attacker
[DEQUEUE-B] process_exec /usr/bin/sleep pod=attacker
2026-07-24 12:59:02,138 INFO Docker→UID map: 66 entries
2026-07-24 12:59:02,420 INFO Processed 12600 events
2026-07-24 12:59:03,427 INFO [QUEUED] kube-system/kube-proxy-2jd2m | /usr/sbin/iptables
2026-07-24 12:59:03,428 INFO [QUEUED] kube-system/kube-proxy-2jd2m | /usr/sbin/ip6tables
[DEQUEUE-B] process_exec /usr/sbin/iptables pod=kube-proxy-2jd2m
2026-07-24 12:59:03,429 INFO [QUEUED] kube-system/kube-proxy-x58jj | /usr/sbin/ip6tables
2026-07-24 12:59:03,430 INFO [QUEUED] kube-system/kube-proxy-x58jj | /usr/sbin/iptables
[DEQUEUE-B] process_exec /usr/sbin/ip6tables pod=kube-proxy-2jd2m
[DEQUEUE-B] process_exec /usr/sbin/ip6tables pod=kube-proxy-x58jj
[DEQUEUE-B] process_exec /usr/sbin/iptables pod=kube-proxy-x58jj
2026-07-24 12:59:05,204 INFO Docker→UID map: 66 entries
2026-07-24 12:59:05,428 INFO [QUEUED] kube-system/kindnet-fvfd4 | /usr/sbin/iptables
[DEQUEUE-B] process_exec /usr/sbin/iptables pod=kindnet-fvfd4
2026-07-24 12:59:05,428 INFO [QUEUED] kube-system/kindnet-fvfd4 | /usr/sbin/iptables
2026-07-24 12:59:05,430 INFO [QUEUED] kube-system/kindnet-fvfd4 | /usr/sbin/iptables
[DEQUEUE-B] process_exec /usr/sbin/iptables pod=kindnet-fvfd4
2026-07-24 12:59:05,430 INFO [QUEUED] kube-system/kindnet-fvfd4 | /usr/sbin/iptables
[DEQUEUE-B] process_exec /usr/sbin/iptables pod=kindnet-fvfd4
2026-07-24 12:59:05,431 INFO [QUEUED] kube-system/kindnet-qgrsr | /usr/sbin/iptables
2026-07-24 12:59:05,432 INFO [QUEUED] kube-system/kindnet-qgrsr | /usr/sbin/iptables
[DEQUEUE-B] process_exec /usr/sbin/iptables pod=kindnet-fvfd42026-07-24 12:59:05,433 INFO [QUEUED] kube-system/kindnet-qgrsr | /usr/sbin/iptables

2026-07-24 12:59:05,434 INFO [QUEUED] kube-system/kindnet-qgrsr | /usr/sbin/iptables
[DEQUEUE-B] process_exec /usr/sbin/iptables pod=kindnet-qgrsr
2026-07-24 12:59:05,434 INFO [LEARNED] exec container b659ba7f7fac... -> attacker
[DEQUEUE-B] process_exec /usr/sbin/iptables pod=kindnet-qgrsr
[DEQUEUE-B] process_exec /usr/sbin/iptables pod=kindnet-qgrsr
[DEQUEUE-B] process_exec /usr/sbin/iptables pod=kindnet-qgrsr
2026-07-24 12:59:07,427 INFO [QUEUED] default/attacker | /usr/bin/cat
[DEQUEUE-B] process_exec /usr/bin/cat pod=attacker
2026-07-24 12:59:08,243 INFO Docker→UID map: 66 entries
2026-07-24 12:59:08,992 INFO Processed 12800 events
2026-07-24 12:59:11,267 INFO Docker→UID map: 66 entries
2026-07-24 12:59:11,428 INFO [LEARNED] exec container b659ba7f7fac... -> attacker
2026-07-24 12:59:11,428 INFO [QUEUED] default/attacker | /usr/bin/cat
[DEQUEUE-B] process_exec /usr/bin/cat pod=attacker
2026-07-24 12:59:14,302 INFO Docker→UID map: 66 entries
2026-07-24 12:59:14,920 INFO Processed 13000 events
2026-07-24 12:59:17,338 INFO Docker→UID map: 66 entries
2026-07-24 12:59:17,428 INFO [LEARNED] exec container b659ba7f7fac... -> attacker
2026-07-24 12:59:17,440 INFO [QUEUED] default/attacker | /usr/bin/cat
[DEQUEUE-B] process_exec /usr/bin/cat pod=attacker
2026-07-24 12:59:23,250 INFO Docker→UID map: 66 entries
2026-07-24 12:59:24,315 INFO [LEARNED] exec container b659ba7f7fac... -> attacker
2026-07-24 12:59:24,317 INFO [QUEUED] default/attacker | /usr/bin/cat
[DEQUEUE-B] process_exec /usr/bin/cat pod=attacker
2026-07-24 12:59:25,685 INFO Processed 13200 events
2026-07-24 12:59:26,287 INFO Docker→UID map: 66 entries
2026-07-24 12:59:29,324 INFO Docker→UID map: 66 entries
2026-07-24 12:59:30,316 INFO [LEARNED] exec container b659ba7f7fac... -> attacker
2026-07-24 12:59:30,316 INFO [QUEUED] default/attacker | /usr/bin/cat
2026-07-24 12:59:30,317 INFO [QUEUED] kube-system/kube-proxy-qfgjg | /usr/sbin/iptables
[DEQUEUE-B] process_exec /usr/bin/cat pod=attacker
2026-07-24 12:59:30,317 INFO [QUEUED] kube-system/kube-proxy-qfgjg | /usr/sbin/ip6tables
[DEQUEUE-B] process_exec /usr/sbin/iptables pod=kube-proxy-qfgjg
[DEQUEUE-B] process_exec /usr/sbin/ip6tables pod=kube-proxy-qfgjg
2026-07-24 12:59:32,340 INFO Processed 13400 events
2026-07-24 12:59:32,361 INFO Docker→UID map: 66 entries
2026-07-24 12:59:34,323 INFO [QUEUED] default/attacker | /usr/bin/sleep
[DEQUEUE-B] process_exec /usr/bin/sleep pod=attacker
2026-07-24 12:59:35,420 INFO Docker→UID map: 66 entries
2026-07-24 12:59:36,315 INFO [LEARNED] exec container b659ba7f7fac... -> attacker
2026-07-24 12:59:36,315 INFO [QUEUED] default/attacker | /usr/bin/cat
[DEQUEUE-B] process_exec /usr/bin/cat pod=attacker
2026-07-24 12:59:36,315 INFO [QUEUED] kube-system/kube-proxy-2jd2m | /usr/sbin/iptables
2026-07-24 12:59:36,316 INFO [QUEUED] kube-system/kube-proxy-2jd2m | /usr/sbin/ip6tables
[DEQUEUE-B] process_exec /usr/sbin/iptables pod=kube-proxy-2jd2m
2026-07-24 12:59:36,317 INFO [QUEUED] kube-system/kube-proxy-x58jj | /usr/sbin/ip6tables
[DEQUEUE-B] process_exec /usr/sbin/ip6tables pod=kube-proxy-2jd2m
2026-07-24 12:59:36,318 INFO [QUEUED] kube-system/kube-proxy-x58jj | /usr/sbin/iptables
[DEQUEUE-B] process_exec /usr/sbin/ip6tables pod=kube-proxy-x58jj
[DEQUEUE-B] process_exec /usr/sbin/iptables pod=kube-proxy-x58jj
2026-07-24 12:59:38,282 INFO Processed 13600 events
2026-07-24 12:59:38,473 INFO Docker→UID map: 66 entries
2026-07-24 12:59:40,315 INFO [LEARNED] exec container b659ba7f7fac... -> attacker
2026-07-24 12:59:40,316 INFO [QUEUED] default/attacker | /usr/bin/cat
[DEQUEUE-B] process_exec /usr/bin/cat pod=attacker
2026-07-24 12:59:41,498 INFO Docker→UID map: 66 entries
2026-07-24 12:59:44,512 INFO Processed 13800 events
2026-07-24 12:59:44,531 INFO Docker→UID map: 66 entries
2026-07-24 12:59:46,317 INFO [LEARNED] exec container b659ba7f7fac... -> attacker
2026-07-24 12:59:46,323 INFO [QUEUED] default/attacker | /usr/bin/cat
[DEQUEUE-B] process_exec /usr/bin/cat pod=attacker
2026-07-24 12:59:47,565 INFO Docker→UID map: 66 entries
2026-07-24 12:59:50,601 INFO Docker→UID map: 66 entries
2026-07-24 12:59:55,255 INFO [LEARNED] exec container b659ba7f7fac... -> attacker
2026-07-24 12:59:55,256 INFO [QUEUED] default/attacker | /usr/bin/cat
[DEQUEUE-B] process_exec /usr/bin/cat pod=attacker
2026-07-24 12:59:55,586 INFO Processed 14000 events
2026-07-24 12:59:56,568 INFO Docker→UID map: 66 entries
2026-07-24 12:59:57,091 INFO Processed 14200 events
2026-07-24 12:59:59,255 INFO [LEARNED] exec container b659ba7f7fac... -> attacker
2026-07-24 12:59:59,256 INFO [QUEUED] default/attacker | /usr/bin/cat
[DEQUEUE-B] process_exec /usr/bin/cat pod=attacker
2026-07-24 12:59:59,601 INFO Docker→UID map: 66 entries
2026-07-24 13:00:02,377 INFO Processed 14400 events
2026-07-24 13:00:02,643 INFO Docker→UID map: 66 entries
2026-07-24 13:00:03,256 INFO [QUEUED] kube-system/kube-proxy-qfgjg | /usr/sbin/iptables
2026-07-24 13:00:03,258 INFO [QUEUED] kube-system/kube-proxy-qfgjg | /usr/sbin/ip6tables
[DEQUEUE-B] process_exec /usr/sbin/iptables pod=kube-proxy-qfgjg
[DEQUEUE-B] process_exec /usr/sbin/ip6tables pod=kube-proxy-qfgjg
2026-07-24 13:00:05,256 INFO [LEARNED] exec container b659ba7f7fac... -> attacker
2026-07-24 13:00:05,258 INFO [QUEUED] default/attacker | /usr/bin/cat
[DEQUEUE-B] process_exec /usr/bin/cat pod=attacker
2026-07-24 13:00:05,686 INFO Docker→UID map: 66 entries
2026-07-24 13:00:07,256 INFO [QUEUED] kube-system/kindnet-j88vp | /usr/sbin/iptables
[DEQUEUE-B] process_exec /usr/sbin/iptables pod=kindnet-j88vp
2026-07-24 13:00:07,257 INFO [QUEUED] kube-system/kindnet-j88vp | /usr/sbin/iptables
[DEQUEUE-B] process_exec /usr/sbin/iptables pod=kindnet-j88vp
2026-07-24 13:00:07,259 INFO [QUEUED] kube-system/kindnet-j88vp | /usr/sbin/iptables
[DEQUEUE-B] process_exec /usr/sbin/iptables pod=kindnet-j88vp
2026-07-24 13:00:07,261 INFO [QUEUED] kube-system/kindnet-j88vp | /usr/sbin/iptables
2026-07-24 13:00:07,263 INFO [QUEUED] default/attacker | /usr/bin/sleep
[DEQUEUE-B] process_exec /usr/sbin/iptables pod=kindnet-j88vp
[DEQUEUE-B] process_exec /usr/bin/sleep pod=attacker
2026-07-24 13:00:08,716 INFO Docker→UID map: 66 entries
2026-07-24 13:00:09,256 INFO [QUEUED] kube-system/kube-proxy-2jd2m | /usr/sbin/iptables
2026-07-24 13:00:09,257 INFO Processed 14600 events
[DEQUEUE-B] process_exec /usr/sbin/iptables pod=kube-proxy-2jd2m
2026-07-24 13:00:09,257 INFO [QUEUED] kube-system/kube-proxy-2jd2m | /usr/sbin/ip6tables
2026-07-24 13:00:09,259 INFO [QUEUED] kube-system/kube-proxy-x58jj | /usr/sbin/ip6tables
[DEQUEUE-B] process_exec /usr/sbin/ip6tables pod=kube-proxy-2jd2m
2026-07-24 13:00:09,259 INFO [QUEUED] kube-system/kube-proxy-x58jj | /usr/sbin/iptables
[DEQUEUE-B] process_exec /usr/sbin/ip6tables pod=kube-proxy-x58jj2026-07-24 13:00:09,261 INFO [LEARNED] exec container b659ba7f7fac... -> attacker

[DEQUEUE-B] process_exec /usr/sbin/iptables pod=kube-proxy-x58jj
2026-07-24 13:00:11,255 INFO [QUEUED] default/attacker | /usr/bin/cat
[DEQUEUE-B] process_exec /usr/bin/cat pod=attacker
2026-07-24 13:00:11,256 INFO [QUEUED] kube-system/kindnet-fvfd4 | /usr/sbin/iptables
[DEQUEUE-B] process_exec /usr/sbin/iptables pod=kindnet-fvfd4
2026-07-24 13:00:11,257 INFO [QUEUED] kube-system/kindnet-fvfd4 | /usr/sbin/iptables
[DEQUEUE-B] process_exec /usr/sbin/iptables pod=kindnet-fvfd42026-07-24 13:00:11,258 INFO [QUEUED] kube-system/kindnet-fvfd4 | /usr/sbin/iptables

2026-07-24 13:00:11,259 INFO [QUEUED] kube-system/kindnet-fvfd4 | /usr/sbin/iptables
[DEQUEUE-B] process_exec /usr/sbin/iptables pod=kindnet-fvfd4
2026-07-24 13:00:11,260 INFO [QUEUED] kube-system/kindnet-qgrsr | /usr/sbin/iptables
[DEQUEUE-B] process_exec /usr/sbin/iptables pod=kindnet-fvfd4
2026-07-24 13:00:11,261 INFO [QUEUED] kube-system/kindnet-qgrsr | /usr/sbin/iptables
[DEQUEUE-B] process_exec /usr/sbin/iptables pod=kindnet-qgrsr
2026-07-24 13:00:11,263 INFO [QUEUED] kube-system/kindnet-qgrsr | /usr/sbin/iptables
[DEQUEUE-B] process_exec /usr/sbin/iptables pod=kindnet-qgrsr
2026-07-24 13:00:11,264 INFO [QUEUED] kube-system/kindnet-qgrsr | /usr/sbin/iptables
[DEQUEUE-B] process_exec /usr/sbin/iptables pod=kindnet-qgrsr
[DEQUEUE-B] process_exec /usr/sbin/iptables pod=kindnet-qgrsr
2026-07-24 13:00:11,747 INFO Docker→UID map: 66 entries
2026-07-24 13:00:14,779 INFO Docker→UID map: 66 entries
2026-07-24 13:00:15,258 INFO [LEARNED] exec container b659ba7f7fac... -> attacker
2026-07-24 13:00:15,258 INFO [QUEUED] default/attacker | /usr/bin/cat
[DEQUEUE-B] process_exec /usr/bin/cat pod=attacker
2026-07-24 13:00:16,579 INFO Processed 14800 events
2026-07-24 13:00:17,805 INFO Docker→UID map: 66 entries
2026-07-24 13:00:20,839 INFO Docker→UID map: 66 entries
2026-07-24 13:00:21,255 INFO [LEARNED] exec container b659ba7f7fac... -> attacker
2026-07-24 13:00:21,256 INFO [QUEUED] default/attacker | /usr/bin/cat
[DEQUEUE-B] process_exec /usr/bin/cat pod=attacker
2026-07-24 13:00:22,707 INFO Processed 15000 events
2026-07-24 13:00:23,869 INFO Docker→UID map: 66 entries
2026-07-24 13:00:28,100 INFO [LEARNED] exec container b659ba7f7fac... -> attacker
2026-07-24 13:00:28,101 INFO [QUEUED] default/attacker | /usr/bin/cat
[DEQUEUE-B] process_exec /usr/bin/cat pod=attacker
2026-07-24 13:00:29,748 INFO Docker→UID map: 66 entries
2026-07-24 13:00:31,559 INFO Processed 15200 events
2026-07-24 13:00:32,785 INFO Docker→UID map: 66 entries
2026-07-24 13:00:34,100 INFO [LEARNED] exec container b659ba7f7fac... -> attacker
2026-07-24 13:00:34,101 INFO [QUEUED] default/attacker | /usr/bin/cat
[DEQUEUE-B] process_exec /usr/bin/cat pod=attacker
2026-07-24 13:00:35,824 INFO Docker→UID map: 66 entries
2026-07-24 13:00:36,099 INFO [QUEUED] kube-system/kube-proxy-qfgjg | /usr/sbin/iptables
2026-07-24 13:00:36,100 INFO [QUEUED] kube-system/kube-proxy-qfgjg | /usr/sbin/ip6tables
[DEQUEUE-B] process_exec /usr/sbin/iptables pod=kube-proxy-qfgjg
[DEQUEUE-B] process_exec /usr/sbin/ip6tables pod=kube-proxy-qfgjg
2026-07-24 13:00:37,573 INFO Processed 15400 events
2026-07-24 13:00:38,850 INFO Docker→UID map: 66 entries
2026-07-24 13:00:40,100 INFO [LEARNED] exec container b659ba7f7fac... -> attacker
2026-07-24 13:00:40,101 INFO [QUEUED] default/attacker | /usr/bin/cat
[DEQUEUE-B] process_exec /usr/bin/cat pod=attacker
2026-07-24 13:00:40,101 INFO [QUEUED] default/attacker | /usr/bin/sleep
[DEQUEUE-B] process_exec /usr/bin/sleep pod=attacker
2026-07-24 13:00:41,876 INFO Docker→UID map: 66 entries
2026-07-24 13:00:42,100 INFO [QUEUED] kube-system/kube-proxy-2jd2m | /usr/sbin/iptables
[DEQUEUE-B] process_exec /usr/sbin/iptables pod=kube-proxy-2jd2m
2026-07-24 13:00:42,100 INFO [QUEUED] kube-system/kube-proxy-2jd2m | /usr/sbin/ip6tables
[DEQUEUE-B] process_exec /usr/sbin/ip6tables pod=kube-proxy-2jd2m
2026-07-24 13:00:42,101 INFO [QUEUED] kube-system/kube-proxy-x58jj | /usr/sbin/ip6tables
[DEQUEUE-B] process_exec /usr/sbin/ip6tables pod=kube-proxy-x58jj
2026-07-24 13:00:42,102 INFO [QUEUED] kube-system/kube-proxy-x58jj | /usr/sbin/iptables
[DEQUEUE-B] process_exec /usr/sbin/iptables pod=kube-proxy-x58jj
2026-07-24 13:00:43,579 INFO Processed 15600 events
2026-07-24 13:00:44,100 INFO [LEARNED] exec container b659ba7f7fac... -> attacker
2026-07-24 13:00:44,100 INFO [QUEUED] default/attacker | /usr/bin/cat
[DEQUEUE-B] process_exec /usr/bin/cat pod=attacker
2026-07-24 13:00:44,939 INFO Docker→UID map: 66 entries
2026-07-24 13:00:47,965 INFO Docker→UID map: 66 entries
2026-07-24 13:00:50,101 INFO [LEARNED] exec container b659ba7f7fac... -> attacker
2026-07-24 13:00:50,101 INFO [QUEUED] default/attacker | /usr/bin/cat
[DEQUEUE-B] process_exec /usr/bin/cat pod=attacker
2026-07-24 13:00:50,979 INFO Processed 15800 events
2026-07-24 13:00:50,995 INFO Docker→UID map: 66 entries
2026-07-24 13:00:54,031 INFO Docker→UID map: 66 entries
2026-07-24 13:00:56,100 INFO [LEARNED] exec container b659ba7f7fac... -> attacker
2026-07-24 13:00:56,101 INFO [QUEUED] default/attacker | /usr/bin/cat
[DEQUEUE-B] process_exec /usr/bin/cat pod=attacker
2026-07-24 13:00:57,058 INFO Docker→UID map: 66 entries
2026-07-24 13:01:00,663 INFO Processed 16000 events
2026-07-24 13:01:02,888 INFO Docker→UID map: 66 entries
2026-07-24 13:01:02,889 INFO [LEARNED] exec container b659ba7f7fac... -> attacker
2026-07-24 13:01:02,891 INFO [QUEUED] default/attacker | /usr/bin/cat
[DEQUEUE-B] process_exec /usr/bin/cat pod=attacker
2026-07-24 13:01:05,916 INFO Docker→UID map: 66 entries
2026-07-24 13:01:05,976 INFO Processed 16200 events
2026-07-24 13:01:08,889 INFO [LEARNED] exec container b659ba7f7fac... -> attacker
2026-07-24 13:01:08,889 INFO [QUEUED] default/attacker | /usr/bin/cat
[DEQUEUE-B] process_exec /usr/bin/cat pod=attacker2026-07-24 13:01:08,890 INFO [QUEUED] kube-system/kube-proxy-qfgjg | /usr/sbin/ip6tables

2026-07-24 13:01:08,890 INFO [QUEUED] kube-system/kube-proxy-qfgjg | /usr/sbin/iptables
[DEQUEUE-B] process_exec /usr/sbin/ip6tables pod=kube-proxy-qfgjg
[DEQUEUE-B] process_exec /usr/sbin/iptables pod=kube-proxy-qfgjg
2026-07-24 13:01:08,947 INFO Docker→UID map: 66 entries
2026-07-24 13:01:11,976 INFO Docker→UID map: 66 entries
2026-07-24 13:01:12,889 INFO [QUEUED] kube-system/kindnet-j88vp | /usr/sbin/iptables
[DEQUEUE-B] process_exec /usr/sbin/iptables pod=kindnet-j88vp
2026-07-24 13:01:12,890 INFO [QUEUED] kube-system/kindnet-j88vp | /usr/sbin/iptables
2026-07-24 13:01:12,891 INFO [QUEUED] kube-system/kindnet-j88vp | /usr/sbin/iptables
[DEQUEUE-B] process_exec /usr/sbin/iptables pod=kindnet-j88vp
2026-07-24 13:01:12,892 INFO [QUEUED] kube-system/kindnet-j88vp | /usr/sbin/iptables
[DEQUEUE-B] process_exec /usr/sbin/iptables pod=kindnet-j88vp
2026-07-24 13:01:12,893 INFO [QUEUED] default/attacker | /usr/bin/sleep
[DEQUEUE-B] process_exec /usr/sbin/iptables pod=kindnet-j88vp
[DEQUEUE-B] process_exec /usr/bin/sleep pod=attacker
2026-07-24 13:01:13,409 INFO Processed 16400 events
2026-07-24 13:01:14,888 INFO [LEARNED] exec container b659ba7f7fac... -> attacker
2026-07-24 13:01:14,889 INFO [QUEUED] default/attacker | /usr/bin/cat
2026-07-24 13:01:14,890 INFO [QUEUED] kube-system/kube-proxy-2jd2m | /usr/sbin/iptables
[DEQUEUE-B] process_exec /usr/bin/cat pod=attacker
2026-07-24 13:01:14,892 INFO [QUEUED] kube-system/kube-proxy-2jd2m | /usr/sbin/ip6tables
2026-07-24 13:01:14,893 INFO [QUEUED] kube-system/kube-proxy-x58jj | /usr/sbin/ip6tables
[DEQUEUE-B] process_exec /usr/sbin/iptables pod=kube-proxy-2jd2m
2026-07-24 13:01:14,894 INFO [QUEUED] kube-system/kube-proxy-x58jj | /usr/sbin/iptables
[DEQUEUE-B] process_exec /usr/sbin/ip6tables pod=kube-proxy-2jd2m
[DEQUEUE-B] process_exec /usr/sbin/ip6tables pod=kube-proxy-x58jj
[DEQUEUE-B] process_exec /usr/sbin/iptables pod=kube-proxy-x58jj
2026-07-24 13:01:15,007 INFO Docker→UID map: 66 entries
2026-07-24 13:01:16,889 INFO [QUEUED] kube-system/kindnet-fvfd4 | /usr/sbin/iptables
[DEQUEUE-B] process_exec /usr/sbin/iptables pod=kindnet-fvfd4
2026-07-24 13:01:16,889 INFO [QUEUED] kube-system/kindnet-fvfd4 | /usr/sbin/iptables
[DEQUEUE-B] process_exec /usr/sbin/iptables pod=kindnet-fvfd4
2026-07-24 13:01:16,891 INFO [QUEUED] kube-system/kindnet-fvfd4 | /usr/sbin/iptables
[DEQUEUE-B] process_exec /usr/sbin/iptables pod=kindnet-fvfd4
2026-07-24 13:01:16,892 INFO [QUEUED] kube-system/kindnet-fvfd4 | /usr/sbin/iptables
[DEQUEUE-B] process_exec /usr/sbin/iptables pod=kindnet-fvfd4
2026-07-24 13:01:16,894 INFO [QUEUED] kube-system/kindnet-qgrsr | /usr/sbin/iptables
[DEQUEUE-B] process_exec /usr/sbin/iptables pod=kindnet-qgrsr
2026-07-24 13:01:16,895 INFO [QUEUED] kube-system/kindnet-qgrsr | /usr/sbin/iptables
[DEQUEUE-B] process_exec /usr/sbin/iptables pod=kindnet-qgrsr
2026-07-24 13:01:16,896 INFO [QUEUED] kube-system/kindnet-qgrsr | /usr/sbin/iptables
[DEQUEUE-B] process_exec /usr/sbin/iptables pod=kindnet-qgrsr
2026-07-24 13:01:16,897 INFO [QUEUED] kube-system/kindnet-qgrsr | /usr/sbin/iptables
[DEQUEUE-B] process_exec /usr/sbin/iptables pod=kindnet-qgrsr
2026-07-24 13:01:18,038 INFO Docker→UID map: 66 entries
2026-07-24 13:01:18,890 INFO [LEARNED] exec container b659ba7f7fac... -> attacker
2026-07-24 13:01:18,894 INFO [QUEUED] default/attacker | /usr/bin/cat
2026-07-24 13:01:18,894 INFO Processed 16600 events
[DEQUEUE-B] process_exec /usr/bin/cat pod=attacker
2026-07-24 13:01:21,086 INFO Docker→UID map: 66 entries
2026-07-24 13:01:24,122 INFO Docker→UID map: 66 entries
2026-07-24 13:01:24,888 INFO [LEARNED] exec container b659ba7f7fac... -> attacker
2026-07-24 13:01:24,889 INFO [QUEUED] default/attacker | /usr/bin/cat
[DEQUEUE-B] process_exec /usr/bin/cat pod=attacker
2026-07-24 13:01:25,899 INFO Processed 16800 events
2026-07-24 13:01:27,172 INFO Docker→UID map: 66 entries
2026-07-24 13:01:28,888 INFO [LEARNED] exec container b659ba7f7fac... -> attacker
2026-07-24 13:01:28,893 INFO [QUEUED] default/attacker | /usr/bin/cat
[DEQUEUE-B] process_exec /usr/bin/cat pod=attacker
2026-07-24 13:01:30,242 INFO Docker→UID map: 66 entries
2026-07-24 13:01:35,182 INFO Processed 17000 events
2026-07-24 13:01:36,165 INFO Docker→UID map: 66 entries
2026-07-24 13:01:37,776 INFO [LEARNED] exec container b659ba7f7fac... -> attacker
2026-07-24 13:01:37,777 INFO [QUEUED] default/attacker | /usr/bin/cat
[DEQUEUE-B] process_exec /usr/bin/cat pod=attacker
2026-07-24 13:01:39,210 INFO Docker→UID map: 66 entries
2026-07-24 13:01:41,528 INFO Processed 17200 events
2026-07-24 13:01:41,776 INFO [QUEUED] kube-system/kube-proxy-qfgjg | /usr/sbin/iptables
[DEQUEUE-B] process_exec /usr/sbin/iptables pod=kube-proxy-qfgjg
2026-07-24 13:01:41,777 INFO [QUEUED] kube-system/kube-proxy-qfgjg | /usr/sbin/ip6tables
[DEQUEUE-B] process_exec /usr/sbin/ip6tables pod=kube-proxy-qfgjg
2026-07-24 13:01:42,263 INFO Docker→UID map: 66 entries
2026-07-24 13:01:43,777 INFO [LEARNED] exec container b659ba7f7fac... -> attacker
2026-07-24 13:01:43,779 INFO [QUEUED] default/attacker | /usr/bin/cat
[DEQUEUE-B] process_exec /usr/bin/cat pod=attacker
2026-07-24 13:01:45,315 INFO Docker→UID map: 66 entries
2026-07-24 13:01:45,776 INFO [QUEUED] default/attacker | /usr/bin/sleep
[DEQUEUE-B] process_exec /usr/bin/sleep pod=attacker
2026-07-24 13:01:47,777 INFO [QUEUED] kube-system/kube-proxy-2jd2m | /usr/sbin/iptables
[DEQUEUE-B] process_exec /usr/sbin/iptables pod=kube-proxy-2jd2m
2026-07-24 13:01:47,777 INFO [QUEUED] kube-system/kube-proxy-2jd2m | /usr/sbin/ip6tables
[DEQUEUE-B] process_exec /usr/sbin/ip6tables pod=kube-proxy-2jd2m
2026-07-24 13:01:47,779 INFO [QUEUED] kube-system/kube-proxy-x58jj | /usr/sbin/ip6tables
[DEQUEUE-B] process_exec /usr/sbin/ip6tables pod=kube-proxy-x58jj
2026-07-24 13:01:47,780 INFO [QUEUED] kube-system/kube-proxy-x58jj | /usr/sbin/iptables
[DEQUEUE-B] process_exec /usr/sbin/iptables pod=kube-proxy-x58jj2026-07-24 13:01:47,781 INFO [LEARNED] exec container b659ba7f7fac... -> attacker

2026-07-24 13:01:47,783 INFO [QUEUED] default/attacker | /usr/bin/cat
[DEQUEUE-B] process_exec /usr/bin/cat pod=attacker
2026-07-24 13:01:48,426 INFO Docker→UID map: 66 entries
2026-07-24 13:01:48,757 INFO Processed 17400 events
2026-07-24 13:01:51,452 INFO Docker→UID map: 66 entries
2026-07-24 13:01:53,776 INFO [LEARNED] exec container b659ba7f7fac... -> attacker
2026-07-24 13:01:53,777 INFO [QUEUED] default/attacker | /usr/bin/cat
[DEQUEUE-B] process_exec /usr/bin/cat pod=attacker
2026-07-24 13:01:54,482 INFO Docker→UID map: 66 entries
2026-07-24 13:01:55,348 INFO Processed 17600 events
2026-07-24 13:01:57,520 INFO Docker→UID map: 66 entries
2026-07-24 13:01:59,776 INFO [LEARNED] exec container b659ba7f7fac... -> attacker
2026-07-24 13:01:59,777 INFO [QUEUED] default/attacker | /usr/bin/cat
[DEQUEUE-B] process_exec /usr/bin/cat pod=attacker
2026-07-24 13:02:00,549 INFO Docker→UID map: 66 entries
2026-07-24 13:02:01,579 INFO Processed 17800 events
2026-07-24 13:02:06,577 INFO Docker→UID map: 66 entries
2026-07-24 13:02:06,770 INFO [LEARNED] exec container b659ba7f7fac... -> attacker
2026-07-24 13:02:06,772 INFO [QUEUED] default/attacker | /usr/bin/cat
[DEQUEUE-B] process_exec /usr/bin/cat pod=attacker
2026-07-24 13:02:09,606 INFO Docker→UID map: 66 entries
2026-07-24 13:02:11,781 INFO Processed 18000 events
2026-07-24 13:02:12,642 INFO Docker→UID map: 66 entries
2026-07-24 13:02:12,770 INFO [LEARNED] exec container b659ba7f7fac... -> attacker
2026-07-24 13:02:12,771 INFO [QUEUED] default/attacker | /usr/bin/cat
[DEQUEUE-B] process_exec /usr/bin/cat pod=attacker
2026-07-24 13:02:14,770 INFO [QUEUED] kube-system/kube-proxy-qfgjg | /usr/sbin/ip6tables
2026-07-24 13:02:14,771 INFO [QUEUED] kube-system/kube-proxy-qfgjg | /usr/sbin/iptables
[DEQUEUE-B] process_exec /usr/sbin/ip6tables pod=kube-proxy-qfgjg
[DEQUEUE-B] process_exec /usr/sbin/iptables pod=kube-proxy-qfgjg
2026-07-24 13:02:15,676 INFO Docker→UID map: 66 entries
2026-07-24 13:02:16,769 INFO [LEARNED] exec container b659ba7f7fac... -> attacker
2026-07-24 13:02:16,770 INFO [QUEUED] default/attacker | /usr/bin/cat
[DEQUEUE-B] process_exec /usr/bin/cat pod=attacker
2026-07-24 13:02:18,349 INFO Processed 18200 events
2026-07-24 13:02:18,717 INFO Docker→UID map: 66 entries
2026-07-24 13:02:18,772 INFO [QUEUED] kube-system/kindnet-j88vp | /usr/sbin/iptables
2026-07-24 13:02:18,774 INFO [QUEUED] kube-system/kindnet-j88vp | /usr/sbin/iptables
[DEQUEUE-B] process_exec /usr/sbin/iptables pod=kindnet-j88vp
2026-07-24 13:02:18,774 INFO [QUEUED] kube-system/kindnet-j88vp | /usr/sbin/iptables
[DEQUEUE-B] process_exec /usr/sbin/iptables pod=kindnet-j88vp2026-07-24 13:02:18,776 INFO [QUEUED] kube-system/kindnet-j88vp | /usr/sbin/iptables

2026-07-24 13:02:18,777 INFO [QUEUED] default/attacker | /usr/bin/sleep
[DEQUEUE-B] process_exec /usr/sbin/iptables pod=kindnet-j88vp
[DEQUEUE-B] process_exec /usr/sbin/iptables pod=kindnet-j88vp
[DEQUEUE-B] process_exec /usr/bin/sleep pod=attacker
2026-07-24 13:02:20,770 INFO [QUEUED] kube-system/kube-proxy-2jd2m | /usr/sbin/iptables
[DEQUEUE-B] process_exec /usr/sbin/iptables pod=kube-proxy-2jd2m
2026-07-24 13:02:20,770 INFO [QUEUED] kube-system/kube-proxy-2jd2m | /usr/sbin/ip6tables
[DEQUEUE-B] process_exec /usr/sbin/ip6tables pod=kube-proxy-2jd2m
2026-07-24 13:02:20,771 INFO [QUEUED] kube-system/kube-proxy-x58jj | /usr/sbin/ip6tables
[DEQUEUE-B] process_exec /usr/sbin/ip6tables pod=kube-proxy-x58jj
2026-07-24 13:02:20,773 INFO [QUEUED] kube-system/kube-proxy-x58jj | /usr/sbin/iptables
[DEQUEUE-B] process_exec /usr/sbin/iptables pod=kube-proxy-x58jj
2026-07-24 13:02:21,754 INFO Docker→UID map: 66 entries
2026-07-24 13:02:22,770 INFO [LEARNED] exec container b659ba7f7fac... -> attacker
2026-07-24 13:02:22,770 INFO [QUEUED] kube-system/kindnet-fvfd4 | /usr/sbin/iptables
2026-07-24 13:02:22,771 INFO [QUEUED] kube-system/kindnet-fvfd4 | /usr/sbin/iptables
[DEQUEUE-B] process_exec /usr/sbin/iptables pod=kindnet-fvfd4
2026-07-24 13:02:22,772 INFO [QUEUED] default/attacker | /usr/bin/cat
2026-07-24 13:02:22,773 INFO [QUEUED] kube-system/kindnet-fvfd4 | /usr/sbin/iptables
[DEQUEUE-B] process_exec /usr/sbin/iptables pod=kindnet-fvfd4
2026-07-24 13:02:22,773 INFO [QUEUED] kube-system/kindnet-fvfd4 | /usr/sbin/iptables
[DEQUEUE-B] process_exec /usr/bin/cat pod=attacker
2026-07-24 13:02:22,774 INFO [QUEUED] kube-system/kindnet-qgrsr | /usr/sbin/iptables
2026-07-24 13:02:22,776 INFO [QUEUED] kube-system/kindnet-qgrsr | /usr/sbin/iptables
[DEQUEUE-B] process_exec /usr/sbin/iptables pod=kindnet-fvfd4
2026-07-24 13:02:22,776 INFO [QUEUED] kube-system/kindnet-qgrsr | /usr/sbin/iptables
[DEQUEUE-B] process_exec /usr/sbin/iptables pod=kindnet-fvfd4
2026-07-24 13:02:22,777 INFO [QUEUED] kube-system/kindnet-qgrsr | /usr/sbin/iptables
[DEQUEUE-B] process_exec /usr/sbin/iptables pod=kindnet-qgrsr
[DEQUEUE-B] process_exec /usr/sbin/iptables pod=kindnet-qgrsr
[DEQUEUE-B] process_exec /usr/sbin/iptables pod=kindnet-qgrsr
[DEQUEUE-B] process_exec /usr/sbin/iptables pod=kindnet-qgrsr
2026-07-24 13:02:24,292 INFO Processed 18400 events
2026-07-24 13:02:24,808 INFO Docker→UID map: 66 entries
2026-07-24 13:02:27,848 INFO Docker→UID map: 66 entries
2026-07-24 13:02:28,770 INFO [LEARNED] exec container b659ba7f7fac... -> attacker
2026-07-24 13:02:28,770 INFO [QUEUED] default/attacker | /usr/bin/cat
[DEQUEUE-B] process_exec /usr/bin/cat pod=attacker
2026-07-24 13:02:30,733 INFO Processed 18600 events
2026-07-24 13:02:30,877 INFO Docker→UID map: 66 entries
2026-07-24 13:02:32,770 INFO [LEARNED] exec container b659ba7f7fac... -> attacker
2026-07-24 13:02:32,771 INFO [QUEUED] default/attacker | /usr/bin/cat
[DEQUEUE-B] process_exec /usr/bin/cat pod=attacker
2026-07-24 13:02:33,914 INFO Docker→UID map: 66 entries
2026-07-24 13:02:36,162 INFO Processed 18800 events
2026-07-24 13:02:39,843 INFO Docker→UID map: 66 entries
2026-07-24 13:02:41,633 INFO [LEARNED] exec container b659ba7f7fac... -> attacker
2026-07-24 13:02:41,637 INFO [QUEUED] default/attacker | /usr/bin/cat
[DEQUEUE-B] process_exec /usr/bin/cat pod=attacker
2026-07-24 13:02:42,876 INFO Docker→UID map: 66 entries
2026-07-24 13:02:45,892 INFO Processed 19000 events
2026-07-24 13:02:45,930 INFO Docker→UID map: 66 entries
2026-07-24 13:02:47,633 INFO [LEARNED] exec container b659ba7f7fac... -> attacker
2026-07-24 13:02:47,634 INFO [QUEUED] default/attacker | /usr/bin/cat
[DEQUEUE-B] process_exec /usr/bin/cat pod=attacker2026-07-24 13:02:47,634 INFO [QUEUED] kube-system/kube-proxy-qfgjg | /usr/sbin/ip6tables

2026-07-24 13:02:47,635 INFO [QUEUED] kube-system/kube-proxy-qfgjg | /usr/sbin/iptables
[DEQUEUE-B] process_exec /usr/sbin/ip6tables pod=kube-proxy-qfgjg
[DEQUEUE-B] process_exec /usr/sbin/iptables pod=kube-proxy-qfgjg
2026-07-24 13:02:48,968 INFO Docker→UID map: 66 entries
2026-07-24 13:02:51,633 INFO [LEARNED] exec container b659ba7f7fac... -> attacker
2026-07-24 13:02:51,633 INFO [QUEUED] default/attacker | /usr/bin/cat
[DEQUEUE-B] process_exec /usr/bin/cat pod=attacker
2026-07-24 13:02:51,634 INFO [QUEUED] default/attacker | /usr/bin/sleep
[DEQUEUE-B] process_exec /usr/bin/sleep pod=attacker
2026-07-24 13:02:52,013 INFO Docker→UID map: 66 entries
2026-07-24 13:02:52,286 INFO Processed 19200 events
2026-07-24 13:02:53,633 INFO [QUEUED] kube-system/kube-proxy-2jd2m | /usr/sbin/iptables
[DEQUEUE-B] process_exec /usr/sbin/iptables pod=kube-proxy-2jd2m
2026-07-24 13:02:53,634 INFO [QUEUED] kube-system/kube-proxy-2jd2m | /usr/sbin/ip6tables
[DEQUEUE-B] process_exec /usr/sbin/ip6tables pod=kube-proxy-2jd2m
2026-07-24 13:02:53,635 INFO [QUEUED] kube-system/kube-proxy-x58jj | /usr/sbin/ip6tables
[DEQUEUE-B] process_exec /usr/sbin/ip6tables pod=kube-proxy-x58jj2026-07-24 13:02:53,636 INFO [QUEUED] kube-system/kube-proxy-x58jj | /usr/sbin/iptables

[DEQUEUE-B] process_exec /usr/sbin/iptables pod=kube-proxy-x58jj
2026-07-24 13:02:55,048 INFO Docker→UID map: 66 entries
2026-07-24 13:02:57,633 INFO [LEARNED] exec container b659ba7f7fac... -> attacker
2026-07-24 13:02:57,634 INFO [QUEUED] default/attacker | /usr/bin/cat
[DEQUEUE-B] process_exec /usr/bin/cat pod=attacker
2026-07-24 13:02:58,098 INFO Docker→UID map: 66 entries
2026-07-24 13:02:58,297 INFO Processed 19400 events
2026-07-24 13:03:01,164 INFO Docker→UID map: 66 entries
2026-07-24 13:03:03,634 INFO [LEARNED] exec container b659ba7f7fac... -> attacker
2026-07-24 13:03:03,635 INFO [QUEUED] default/attacker | /usr/bin/cat
[DEQUEUE-B] process_exec /usr/bin/cat pod=attacker
2026-07-24 13:03:04,193 INFO Docker→UID map: 66 entries
2026-07-24 13:03:04,624 INFO Processed 19600 events
2026-07-24 13:03:07,231 INFO Docker→UID map: 66 entries
2026-07-24 13:03:07,633 INFO [LEARNED] exec container b659ba7f7fac... -> attacker
2026-07-24 13:03:07,634 INFO [QUEUED] default/attacker | /usr/bin/cat
[DEQUEUE-B] process_exec /usr/bin/cat pod=attacker
2026-07-24 13:03:13,036 INFO Docker→UID map: 66 entries
2026-07-24 13:03:13,634 INFO Processed 19800 events
2026-07-24 13:03:16,079 INFO Docker→UID map: 66 entries
2026-07-24 13:03:16,410 INFO [LEARNED] exec container b659ba7f7fac... -> attacker
2026-07-24 13:03:16,410 INFO [QUEUED] default/attacker | /usr/bin/cat
[DEQUEUE-B] process_exec /usr/bin/cat pod=attacker
2026-07-24 13:03:19,138 INFO Docker→UID map: 66 entries
2026-07-24 13:03:20,410 INFO [QUEUED] kube-system/kube-proxy-qfgjg | /usr/sbin/iptables
2026-07-24 13:03:20,411 INFO [QUEUED] kube-system/kube-proxy-qfgjg | /usr/sbin/ip6tables
[DEQUEUE-B] process_exec /usr/sbin/iptables pod=kube-proxy-qfgjg
2026-07-24 13:03:20,411 INFO [LEARNED] exec container b659ba7f7fac... -> attacker
[DEQUEUE-B] process_exec /usr/sbin/ip6tables pod=kube-proxy-qfgjg2026-07-24 13:03:20,413 INFO [QUEUED] default/attacker | /usr/bin/cat

[DEQUEUE-B] process_exec /usr/bin/cat pod=attacker
2026-07-24 13:03:21,426 INFO Processed 20000 events
2026-07-24 13:03:22,169 INFO Docker→UID map: 66 entries
2026-07-24 13:03:24,412 INFO [QUEUED] kube-system/kindnet-j88vp | /usr/sbin/iptables
[DEQUEUE-B] process_exec /usr/sbin/iptables pod=kindnet-j88vp
2026-07-24 13:03:24,413 INFO [QUEUED] kube-system/kindnet-j88vp | /usr/sbin/iptables
[DEQUEUE-B] process_exec /usr/sbin/iptables pod=kindnet-j88vp
2026-07-24 13:03:24,415 INFO [QUEUED] kube-system/kindnet-j88vp | /usr/sbin/iptables
[DEQUEUE-B] process_exec /usr/sbin/iptables pod=kindnet-j88vp
2026-07-24 13:03:24,417 INFO [QUEUED] kube-system/kindnet-j88vp | /usr/sbin/iptables
[DEQUEUE-B] process_exec /usr/sbin/iptables pod=kindnet-j88vp
2026-07-24 13:03:24,419 INFO [QUEUED] default/attacker | /usr/bin/sleep
[DEQUEUE-B] process_exec /usr/bin/sleep pod=attacker
2026-07-24 13:03:25,269 INFO Docker→UID map: 66 entries
2026-07-24 13:03:26,410 INFO [LEARNED] exec container b659ba7f7fac... -> attacker
2026-07-24 13:03:26,411 INFO [QUEUED] default/attacker | /usr/bin/cat
[DEQUEUE-B] process_exec /usr/bin/cat pod=attacker
2026-07-24 13:03:26,411 INFO [QUEUED] kube-system/kube-proxy-2jd2m | /usr/sbin/iptables
[DEQUEUE-B] process_exec /usr/sbin/iptables pod=kube-proxy-2jd2m
2026-07-24 13:03:26,413 INFO [QUEUED] kube-system/kube-proxy-2jd2m | /usr/sbin/ip6tables
[DEQUEUE-B] process_exec /usr/sbin/ip6tables pod=kube-proxy-2jd2m
2026-07-24 13:03:26,414 INFO [QUEUED] kube-system/kube-proxy-x58jj | /usr/sbin/ip6tables
[DEQUEUE-B] process_exec /usr/sbin/ip6tables pod=kube-proxy-x58jj2026-07-24 13:03:26,415 INFO [QUEUED] kube-system/kube-proxy-x58jj | /usr/sbin/iptables

[DEQUEUE-B] process_exec /usr/sbin/iptables pod=kube-proxy-x58jj
2026-07-24 13:03:28,109 INFO Processed 20200 events
2026-07-24 13:03:28,297 INFO Docker→UID map: 66 entries
2026-07-24 13:03:28,411 INFO [QUEUED] kube-system/kindnet-fvfd4 | /usr/sbin/iptables
[DEQUEUE-B] process_exec /usr/sbin/iptables pod=kindnet-fvfd4
2026-07-24 13:03:28,413 INFO [QUEUED] kube-system/kindnet-fvfd4 | /usr/sbin/iptables
[DEQUEUE-B] process_exec /usr/sbin/iptables pod=kindnet-fvfd4
2026-07-24 13:03:28,415 INFO [QUEUED] kube-system/kindnet-fvfd4 | /usr/sbin/iptables
2026-07-24 13:03:28,416 INFO [QUEUED] kube-system/kindnet-fvfd4 | /usr/sbin/iptables
[DEQUEUE-B] process_exec /usr/sbin/iptables pod=kindnet-fvfd4
2026-07-24 13:03:28,418 INFO [QUEUED] kube-system/kindnet-qgrsr | /usr/sbin/iptables
[DEQUEUE-B] process_exec /usr/sbin/iptables pod=kindnet-fvfd4
2026-07-24 13:03:28,419 INFO [QUEUED] kube-system/kindnet-qgrsr | /usr/sbin/iptables
[DEQUEUE-B] process_exec /usr/sbin/iptables pod=kindnet-qgrsr
2026-07-24 13:03:28,420 INFO [QUEUED] kube-system/kindnet-qgrsr | /usr/sbin/iptables
2026-07-24 13:03:28,422 INFO [QUEUED] kube-system/kindnet-qgrsr | /usr/sbin/iptables
[DEQUEUE-B] process_exec /usr/sbin/iptables pod=kindnet-qgrsr
[DEQUEUE-B] process_exec /usr/sbin/iptables pod=kindnet-qgrsr
[DEQUEUE-B] process_exec /usr/sbin/iptables pod=kindnet-qgrsr
2026-07-24 13:03:31,320 INFO Docker→UID map: 66 entries
2026-07-24 13:03:32,412 INFO [LEARNED] exec container b659ba7f7fac... -> attacker
2026-07-24 13:03:32,413 INFO [QUEUED] default/attacker | /usr/bin/cat
[DEQUEUE-B] process_exec /usr/bin/cat pod=attacker
2026-07-24 13:03:34,115 INFO Processed 20400 events
2026-07-24 13:03:34,472 INFO Docker→UID map: 66 entries
2026-07-24 13:07:36,363 INFO [LEARNED] exec container b659ba7f7fac... -> attacker
2026-07-24 13:07:36,364 INFO [QUEUED] default/attacker | /usr/bin/cat
[DEQUEUE-B] process_exec /usr/bin/cat pod=attacker
2026-07-24 13:07:37,453 INFO Docker→UID map: 66 entries
2026-07-24 13:07:40,003 INFO Processed 20600 events
2026-07-24 13:07:40,484 INFO Docker→UID map: 66 entries
2026-07-24 13:07:42,896 INFO [LEARNED] exec container b659ba7f7fac... -> attacker
2026-07-24 13:07:42,914 INFO [QUEUED] default/attacker | /usr/bin/cat
[DEQUEUE-B] process_exec /usr/bin/cat pod=attacker
2026-07-24 13:07:44,053 INFO Docker→UID map: 66 entries
2026-07-24 13:07:46,638 INFO Processed 20800 events
2026-07-24 13:07:47,085 INFO Docker→UID map: 66 entries
2026-07-24 13:07:48,897 INFO [LEARNED] exec container b659ba7f7fac... -> attacker
2026-07-24 13:07:48,900 INFO [QUEUED] default/attacker | /usr/bin/cat
[DEQUEUE-B] process_exec /usr/bin/cat pod=attacker
2026-07-24 13:07:50,133 INFO Docker→UID map: 66 entries
2026-07-24 13:07:50,453 INFO [AUDIT] pod/exec by kubernetes-admin -> default/attacker
[DEQUEUE-B] pod_exec  pod=attacker
2026-07-24 13:07:50,455 WARNING [MEDIUM] T1021: Remote exec into default/attacker
2026-07-24 13:07:50,896 INFO [QUEUED] kube-system/kube-proxy-qfgjg | /usr/sbin/iptables
[DEQUEUE-B] process_exec /usr/sbin/iptables pod=kube-proxy-qfgjg
2026-07-24 13:07:50,897 INFO [QUEUED] kube-system/kube-proxy-qfgjg | /usr/sbin/ip6tables
[DEQUEUE-B] process_exec /usr/sbin/ip6tables pod=kube-proxy-qfgjg
2026-07-24 13:07:51,879 INFO Processed 21000 events
2026-07-24 13:07:52,713 INFO [AUDIT] pod/exec by kubernetes-admin -> default/attacker
[DEQUEUE-B] pod_exec  pod=attacker
2026-07-24 13:07:52,715 WARNING [MEDIUM] T1021: Remote exec into default/attacker
2026-07-24 13:07:52,896 INFO [LEARNED] exec container b659ba7f7fac... -> attacker
2026-07-24 13:07:52,896 INFO [QUEUED] default/attacker | /usr/bin/cat
[DEQUEUE-B] process_exec /usr/bin/cat pod=attacker
2026-07-24 13:07:53,042 INFO [NET] default/attacker -> 10.96.0.1:443
[DEQUEUE-B] network_connect  pod=attacker
2026-07-24 13:07:53,046 INFO [AUDIT] secret list by system:serviceaccount:default:default | pod=attacker
2026-07-24 13:07:53,055 INFO [AUDIT] pod/exec by kubernetes-admin -> default/attacker
[DEQUEUE-B] k8s_secret_access  pod=attacker
2026-07-24 13:07:53,056 WARNING [HIGH] T1552: Secret access by default/attacker
[DEQUEUE-B] pod_exec  pod=attacker
2026-07-24 13:07:53,057 WARNING [MEDIUM] T1021: Remote exec into default/attacker
2026-07-24 13:07:53,176 INFO Docker→UID map: 66 entries
2026-07-24 13:07:54,896 INFO [QUEUED] default/attacker | /usr/bin/sleep
[DEQUEUE-B] process_exec /usr/bin/sleep pod=attacker
2026-07-24 13:07:56,205 INFO Docker→UID map: 66 entries
2026-07-24 13:07:56,324 INFO Processed 21200 events
2026-07-24 13:07:56,896 INFO [QUEUED] kube-system/kube-proxy-2jd2m | /usr/sbin/iptables
2026-07-24 13:07:56,897 INFO [QUEUED] kube-system/kube-proxy-2jd2m | /usr/sbin/ip6tables
[DEQUEUE-B] process_exec /usr/sbin/iptables pod=kube-proxy-2jd2m
2026-07-24 13:07:56,898 INFO [QUEUED] kube-system/kube-proxy-x58jj | /usr/sbin/ip6tables
2026-07-24 13:07:56,899 INFO [QUEUED] kube-system/kube-proxy-x58jj | /usr/sbin/iptables
[DEQUEUE-B] process_exec /usr/sbin/ip6tables pod=kube-proxy-2jd2m
[DEQUEUE-B] process_exec /usr/sbin/ip6tables pod=kube-proxy-x58jj
[DEQUEUE-B] process_exec /usr/sbin/iptables pod=kube-proxy-x58jj
2026-07-24 13:07:57,948 INFO 127.0.0.1 - - [24/Jul/2026 13:07:57] "GET /api/stats HTTP/1.1" 200 -
2026-07-24 13:07:58,014 INFO 127.0.0.1 - - [24/Jul/2026 13:07:58] "[33mGET /favicon.ico HTTP/1.1[0m" 404 -
2026-07-24 13:07:58,896 INFO [LEARNED] exec container b659ba7f7fac... -> attacker
2026-07-24 13:07:58,897 INFO [QUEUED] default/attacker | /usr/bin/cat
[DEQUEUE-B] process_exec /usr/bin/cat pod=attacker
2026-07-24 13:07:59,239 INFO Docker→UID map: 66 entries
2026-07-24 13:08:01,734 INFO Processed 21400 events
2026-07-24 13:08:02,279 INFO Docker→UID map: 66 entries
2026-07-24 13:08:04,898 INFO [LEARNED] exec container b659ba7f7fac... -> attacker
2026-07-24 13:08:04,899 INFO [QUEUED] default/attacker | /usr/bin/cat
[DEQUEUE-B] process_exec /usr/bin/cat pod=attacker
2026-07-24 13:08:05,329 INFO Docker→UID map: 66 entries
2026-07-24 13:08:08,343 INFO Processed 21600 events
2026-07-24 13:08:08,379 INFO Docker→UID map: 66 entries
2026-07-24 13:08:08,896 INFO [LEARNED] exec container b659ba7f7fac... -> attacker
2026-07-24 13:08:08,899 INFO [QUEUED] default/attacker | /usr/bin/cat
[DEQUEUE-B] process_exec /usr/bin/cat pod=attacker
2026-07-24 13:08:11,422 INFO Docker→UID map: 66 entries
2026-07-24 13:08:16,761 INFO Docker→UID map: 66 entries
2026-07-24 13:08:17,207 INFO [LEARNED] exec container b659ba7f7fac... -> attacker
2026-07-24 13:08:17,208 INFO [QUEUED] default/attacker | /usr/bin/cat
[DEQUEUE-B] process_exec /usr/bin/cat pod=attacker
2026-07-24 13:08:18,188 INFO Processed 21800 events
2026-07-24 13:08:19,791 INFO Docker→UID map: 66 entries
2026-07-24 13:08:21,207 INFO [LEARNED] exec container b659ba7f7fac... -> attacker
2026-07-24 13:08:21,208 INFO [QUEUED] default/attacker | /usr/bin/bash
[DEQUEUE-B] process_exec /usr/bin/bash pod=attacker
2026-07-24 13:08:21,209 INFO [QUEUED] default/attacker | /usr/bin/id
2026-07-24 13:08:21,210 WARNING [MEDIUM] T1059: Shell in default/attacker (preceded by kubectl exec)
[DEQUEUE-B] process_exec /usr/bin/id pod=attacker
2026-07-24 13:08:21,211 INFO [QUEUED] default/attacker | /usr/bin/whoami
[DEQUEUE-B] process_exec /usr/bin/whoami pod=attacker
2026-07-24 13:08:22,835 INFO Docker→UID map: 66 entries
2026-07-24 13:08:23,208 INFO [LEARNED] exec container b659ba7f7fac... -> attacker
2026-07-24 13:08:23,209 INFO [QUEUED] default/attacker | /usr/bin/cat
[DEQUEUE-B] process_exec /usr/bin/cat pod=attacker
2026-07-24 13:08:23,210 INFO [QUEUED] kube-system/kube-proxy-qfgjg | /usr/sbin/iptables
[DEQUEUE-B] process_exec /usr/sbin/iptables pod=kube-proxy-qfgjg
2026-07-24 13:08:23,212 INFO [QUEUED] kube-system/kube-proxy-qfgjg | /usr/sbin/ip6tables
[DEQUEUE-B] process_exec /usr/sbin/ip6tables pod=kube-proxy-qfgjg
2026-07-24 13:08:23,213 INFO [LEARNED] exec container b659ba7f7fac... -> attacker
2026-07-24 13:08:23,215 INFO [QUEUED] default/attacker | /usr/bin/cat
[DEQUEUE-B] process_exec /usr/bin/cat pod=attacker
2026-07-24 13:08:24,295 INFO Processed 22000 events
2026-07-24 13:08:25,207 INFO [LEARNED] exec container b659ba7f7fac... -> attacker
2026-07-24 13:08:25,208 INFO [QUEUED] default/attacker | /usr/local/bin/kubectl
[DEQUEUE-B] process_exec /usr/local/bin/kubectl pod=attacker
2026-07-24 13:08:25,872 INFO Docker→UID map: 66 entries
2026-07-24 13:08:27,207 INFO [QUEUED] kube-system/kindnet-j88vp | /usr/sbin/iptables
[DEQUEUE-B] process_exec /usr/sbin/iptables pod=kindnet-j88vp
2026-07-24 13:08:27,208 INFO [QUEUED] kube-system/kindnet-j88vp | /usr/sbin/iptables
[DEQUEUE-B] process_exec /usr/sbin/iptables pod=kindnet-j88vp
2026-07-24 13:08:27,209 INFO [QUEUED] kube-system/kindnet-j88vp | /usr/sbin/iptables
2026-07-24 13:08:27,211 INFO [QUEUED] kube-system/kindnet-j88vp | /usr/sbin/iptables
[DEQUEUE-B] process_exec /usr/sbin/iptables pod=kindnet-j88vp
2026-07-24 13:08:27,211 INFO [LEARNED] exec container b659ba7f7fac... -> attacker
2026-07-24 13:08:27,212 INFO [QUEUED] default/attacker | /usr/bin/cat
[DEQUEUE-B] process_exec /usr/sbin/iptables pod=kindnet-j88vp
2026-07-24 13:08:27,212 INFO [QUEUED] default/attacker | /usr/bin/sleep
[DEQUEUE-B] process_exec /usr/bin/cat pod=attacker
[DEQUEUE-B] process_exec /usr/bin/sleep pod=attacker
2026-07-24 13:08:28,917 INFO Docker→UID map: 66 entries
2026-07-24 13:08:29,208 INFO [QUEUED] kube-system/kube-proxy-2jd2m | /usr/sbin/iptables
[DEQUEUE-B] process_exec /usr/sbin/iptables pod=kube-proxy-2jd2m
2026-07-24 13:08:29,208 INFO [QUEUED] kube-system/kube-proxy-2jd2m | /usr/sbin/ip6tables
[DEQUEUE-B] process_exec /usr/sbin/ip6tables pod=kube-proxy-2jd2m
2026-07-24 13:08:29,210 INFO [QUEUED] kube-system/kube-proxy-x58jj | /usr/sbin/ip6tables
2026-07-24 13:08:29,211 INFO [QUEUED] kube-system/kube-proxy-x58jj | /usr/sbin/iptables
[DEQUEUE-B] process_exec /usr/sbin/ip6tables pod=kube-proxy-x58jj
[DEQUEUE-B] process_exec /usr/sbin/iptables pod=kube-proxy-x58jj
2026-07-24 13:08:30,199 INFO Processed 22200 events
2026-07-24 13:08:31,208 INFO [QUEUED] kube-system/kindnet-fvfd4 | /usr/sbin/iptables
[DEQUEUE-B] process_exec /usr/sbin/iptables pod=kindnet-fvfd4
2026-07-24 13:08:31,220 INFO [QUEUED] kube-system/kindnet-fvfd4 | /usr/sbin/iptables
[DEQUEUE-B] process_exec /usr/sbin/iptables pod=kindnet-fvfd4
2026-07-24 13:08:31,224 INFO [QUEUED] kube-system/kindnet-fvfd4 | /usr/sbin/iptables
[DEQUEUE-B] process_exec /usr/sbin/iptables pod=kindnet-fvfd4
2026-07-24 13:08:31,228 INFO [QUEUED] kube-system/kindnet-fvfd4 | /usr/sbin/iptables
[DEQUEUE-B] process_exec /usr/sbin/iptables pod=kindnet-fvfd42026-07-24 13:08:31,234 INFO [QUEUED] kube-system/kindnet-qgrsr | /usr/sbin/iptables

2026-07-24 13:08:31,235 INFO [QUEUED] kube-system/kindnet-qgrsr | /usr/sbin/iptables
[DEQUEUE-B] process_exec /usr/sbin/iptables pod=kindnet-qgrsr
2026-07-24 13:08:31,236 INFO [QUEUED] kube-system/kindnet-qgrsr | /usr/sbin/iptables
2026-07-24 13:08:31,237 INFO [QUEUED] kube-system/kindnet-qgrsr | /usr/sbin/iptables
[DEQUEUE-B] process_exec /usr/sbin/iptables pod=kindnet-qgrsr
[DEQUEUE-B] process_exec /usr/sbin/iptables pod=kindnet-qgrsr
[DEQUEUE-B] process_exec /usr/sbin/iptables pod=kindnet-qgrsr
2026-07-24 13:08:31,969 INFO Docker→UID map: 66 entries
2026-07-24 13:08:33,207 INFO [LEARNED] exec container b659ba7f7fac... -> attacker
2026-07-24 13:08:33,207 INFO [QUEUED] default/attacker | /usr/bin/cat
[DEQUEUE-B] process_exec /usr/bin/cat pod=attacker
2026-07-24 13:08:35,010 INFO Docker→UID map: 66 entries
2026-07-24 13:08:36,789 INFO Processed 22400 events
2026-07-24 13:08:37,136 INFO 127.0.0.1 - - [24/Jul/2026 13:08:37] "GET /api/stats HTTP/1.1" 200 -
2026-07-24 13:08:37,202 INFO 127.0.0.1 - - [24/Jul/2026 13:08:37] "[33mGET /favicon.ico HTTP/1.1[0m" 404 -
2026-07-24 13:08:38,041 INFO Docker→UID map: 66 entries
2026-07-24 13:08:39,207 INFO [LEARNED] exec container b659ba7f7fac... -> attacker
2026-07-24 13:08:39,208 INFO [QUEUED] default/attacker | /usr/bin/cat
[DEQUEUE-B] process_exec /usr/bin/cat pod=attacker
2026-07-24 13:08:41,068 INFO Docker→UID map: 66 entries
2026-07-24 13:08:42,456 INFO Processed 22600 events
2026-07-24 13:08:43,208 INFO [LEARNED] exec container b659ba7f7fac... -> attacker
2026-07-24 13:08:43,208 INFO [QUEUED] default/attacker | /usr/bin/cat
[DEQUEUE-B] process_exec /usr/bin/cat pod=attacker
2026-07-24 13:08:44,122 INFO Docker→UID map: 66 entries
2026-07-24 13:08:49,934 INFO Docker→UID map: 66 entries
2026-07-24 13:08:51,904 INFO Processed 22800 events
2026-07-24 13:08:51,982 INFO [LEARNED] exec container b659ba7f7fac... -> attacker
2026-07-24 13:08:51,983 INFO [QUEUED] default/attacker | /usr/bin/cat
[DEQUEUE-B] process_exec /usr/bin/cat pod=attacker
2026-07-24 13:08:52,970 INFO Docker→UID map: 66 entries
2026-07-24 13:08:55,986 INFO [QUEUED] kube-system/kube-proxy-qfgjg | /usr/sbin/ip6tables
2026-07-24 13:08:55,987 INFO [QUEUED] kube-system/kube-proxy-qfgjg | /usr/sbin/iptables
[DEQUEUE-B] process_exec /usr/sbin/ip6tables pod=kube-proxy-qfgjg
2026-07-24 13:08:55,988 INFO [LEARNED] exec container b659ba7f7fac... -> attacker
[DEQUEUE-B] process_exec /usr/sbin/iptables pod=kube-proxy-qfgjg2026-07-24 13:08:56,005 INFO Docker→UID map: 66 entries

2026-07-24 13:08:57,965 INFO Processed 23000 events
2026-07-24 13:08:57,984 INFO [QUEUED] default/attacker | /usr/bin/cat
[DEQUEUE-B] process_exec /usr/bin/cat pod=attacker
2026-07-24 13:08:59,038 INFO Docker→UID map: 66 entries
2026-07-24 13:08:59,983 INFO [QUEUED] default/attacker | /usr/bin/sleep
[DEQUEUE-B] process_exec /usr/bin/sleep pod=attacker
2026-07-24 13:09:01,982 INFO [LEARNED] exec container b659ba7f7fac... -> attacker
2026-07-24 13:09:01,988 INFO [QUEUED] kube-system/kube-proxy-2jd2m | /usr/sbin/iptables
[DEQUEUE-B] process_exec /usr/sbin/iptables pod=kube-proxy-2jd2m2026-07-24 13:09:01,989 INFO [QUEUED] default/attacker | /usr/bin/cat

2026-07-24 13:09:01,989 INFO [QUEUED] kube-system/kube-proxy-2jd2m | /usr/sbin/ip6tables
[DEQUEUE-B] process_exec /usr/bin/cat pod=attacker
2026-07-24 13:09:01,990 INFO [QUEUED] kube-system/kube-proxy-x58jj | /usr/sbin/ip6tables
[DEQUEUE-B] process_exec /usr/sbin/ip6tables pod=kube-proxy-2jd2m
2026-07-24 13:09:01,993 INFO [QUEUED] kube-system/kube-proxy-x58jj | /usr/sbin/iptables
[DEQUEUE-B] process_exec /usr/sbin/ip6tables pod=kube-proxy-x58jj
[DEQUEUE-B] process_exec /usr/sbin/iptables pod=kube-proxy-x58jj
2026-07-24 13:09:02,118 INFO Docker→UID map: 66 entries
2026-07-24 13:09:04,929 INFO Processed 23200 events
2026-07-24 13:09:05,151 INFO Docker→UID map: 66 entries
2026-07-24 13:09:07,982 INFO [LEARNED] exec container b659ba7f7fac... -> attacker
2026-07-24 13:09:07,983 INFO [QUEUED] default/attacker | /usr/bin/cat
[DEQUEUE-B] process_exec /usr/bin/cat pod=attacker
2026-07-24 13:09:08,193 INFO Docker→UID map: 66 entries
2026-07-24 13:09:11,202 INFO Processed 23400 events
2026-07-24 13:09:11,224 INFO Docker→UID map: 66 entries
2026-07-24 13:09:11,982 INFO [LEARNED] exec container b659ba7f7fac... -> attacker
2026-07-24 13:09:11,983 INFO [QUEUED] default/attacker | /usr/bin/cat
[DEQUEUE-B] process_exec /usr/bin/cat pod=attacker
2026-07-24 13:09:14,258 INFO Docker→UID map: 66 entries
2026-07-24 13:09:17,294 INFO Docker→UID map: 66 entries
2026-07-24 13:09:20,787 INFO [LEARNED] exec container b659ba7f7fac... -> attacker
2026-07-24 13:09:20,787 INFO [QUEUED] default/attacker | /usr/bin/cat
[DEQUEUE-B] process_exec /usr/bin/cat pod=attacker
2026-07-24 13:09:21,760 INFO Processed 23600 events
2026-07-24 13:09:23,138 INFO Docker→UID map: 66 entries
2026-07-24 13:09:26,256 INFO Docker→UID map: 66 entries
2026-07-24 13:09:26,787 INFO [LEARNED] exec container b659ba7f7fac... -> attacker
2026-07-24 13:09:26,788 INFO [QUEUED] default/attacker | /usr/bin/cat
[DEQUEUE-B] process_exec /usr/bin/cat pod=attacker
2026-07-24 13:09:27,773 INFO Processed 23800 events
2026-07-24 13:09:28,788 INFO [QUEUED] kube-system/kube-proxy-qfgjg | /usr/sbin/ip6tables
2026-07-24 13:09:28,802 INFO [QUEUED] kube-system/kube-proxy-qfgjg | /usr/sbin/iptables
[DEQUEUE-B] process_exec /usr/sbin/ip6tables pod=kube-proxy-qfgjg
[DEQUEUE-B] process_exec /usr/sbin/iptables pod=kube-proxy-qfgjg
2026-07-24 13:09:29,288 INFO Docker→UID map: 66 entries
2026-07-24 13:09:30,787 INFO [LEARNED] exec container b659ba7f7fac... -> attacker
2026-07-24 13:09:30,817 INFO [QUEUED] default/attacker | /usr/bin/cat
[DEQUEUE-B] process_exec /usr/bin/cat pod=attacker
2026-07-24 13:09:32,318 INFO Docker→UID map: 66 entries
2026-07-24 13:09:32,787 INFO [QUEUED] kube-system/kindnet-j88vp | /usr/sbin/iptables
[DEQUEUE-B] process_exec /usr/sbin/iptables pod=kindnet-j88vp
2026-07-24 13:09:32,788 INFO [QUEUED] kube-system/kindnet-j88vp | /usr/sbin/iptables
[DEQUEUE-B] process_exec /usr/sbin/iptables pod=kindnet-j88vp
2026-07-24 13:09:32,789 INFO [QUEUED] kube-system/kindnet-j88vp | /usr/sbin/iptables
[DEQUEUE-B] process_exec /usr/sbin/iptables pod=kindnet-j88vp
2026-07-24 13:09:32,790 INFO [QUEUED] kube-system/kindnet-j88vp | /usr/sbin/iptables
[DEQUEUE-B] process_exec /usr/sbin/iptables pod=kindnet-j88vp
2026-07-24 13:09:32,792 INFO [QUEUED] default/attacker | /usr/bin/sleep
[DEQUEUE-B] process_exec /usr/bin/sleep pod=attacker
2026-07-24 13:09:34,309 INFO Processed 24000 events
2026-07-24 13:09:34,787 INFO [QUEUED] kube-system/kube-proxy-2jd2m | /usr/sbin/iptables
2026-07-24 13:09:34,788 INFO [QUEUED] kube-system/kube-proxy-2jd2m | /usr/sbin/ip6tables
[DEQUEUE-B] process_exec /usr/sbin/iptables pod=kube-proxy-2jd2m
2026-07-24 13:09:34,788 INFO [QUEUED] kube-system/kube-proxy-x58jj | /usr/sbin/ip6tables
2026-07-24 13:09:34,790 INFO [QUEUED] kube-system/kube-proxy-x58jj | /usr/sbin/iptables
[DEQUEUE-B] process_exec /usr/sbin/ip6tables pod=kube-proxy-2jd2m
[DEQUEUE-B] process_exec /usr/sbin/ip6tables pod=kube-proxy-x58jj
[DEQUEUE-B] process_exec /usr/sbin/iptables pod=kube-proxy-x58jj
2026-07-24 13:09:35,349 INFO Docker→UID map: 66 entries
2026-07-24 13:09:36,787 INFO [LEARNED] exec container b659ba7f7fac... -> attacker
2026-07-24 13:09:36,787 INFO [QUEUED] default/attacker | /usr/bin/cat
[DEQUEUE-B] process_exec /usr/bin/cat pod=attacker
2026-07-24 13:09:36,788 INFO [QUEUED] kube-system/kindnet-fvfd4 | /usr/sbin/iptables
2026-07-24 13:09:36,789 INFO [QUEUED] kube-system/kindnet-fvfd4 | /usr/sbin/iptables
[DEQUEUE-B] process_exec /usr/sbin/iptables pod=kindnet-fvfd4
2026-07-24 13:09:36,789 INFO [QUEUED] kube-system/kindnet-fvfd4 | /usr/sbin/iptables
[DEQUEUE-B] process_exec /usr/sbin/iptables pod=kindnet-fvfd4
2026-07-24 13:09:36,791 INFO [QUEUED] kube-system/kindnet-fvfd4 | /usr/sbin/iptables
[DEQUEUE-B] process_exec /usr/sbin/iptables pod=kindnet-fvfd4
2026-07-24 13:09:36,792 INFO [QUEUED] kube-system/kindnet-qgrsr | /usr/sbin/iptables
2026-07-24 13:09:36,793 INFO [QUEUED] kube-system/kindnet-qgrsr | /usr/sbin/iptables
[DEQUEUE-B] process_exec /usr/sbin/iptables pod=kindnet-fvfd4
2026-07-24 13:09:36,793 INFO [QUEUED] kube-system/kindnet-qgrsr | /usr/sbin/iptables
[DEQUEUE-B] process_exec /usr/sbin/iptables pod=kindnet-qgrsr
2026-07-24 13:09:36,794 INFO [QUEUED] kube-system/kindnet-qgrsr | /usr/sbin/iptables
[DEQUEUE-B] process_exec /usr/sbin/iptables pod=kindnet-qgrsr
[DEQUEUE-B] process_exec /usr/sbin/iptables pod=kindnet-qgrsr
[DEQUEUE-B] process_exec /usr/sbin/iptables pod=kindnet-qgrsr
2026-07-24 13:09:38,420 INFO Docker→UID map: 66 entries
2026-07-24 13:09:39,818 INFO Processed 24200 events
2026-07-24 13:09:41,449 INFO Docker→UID map: 66 entries
2026-07-24 13:09:42,786 INFO [LEARNED] exec container b659ba7f7fac... -> attacker
2026-07-24 13:09:42,787 INFO [QUEUED] default/attacker | /usr/bin/cat
[DEQUEUE-B] process_exec /usr/bin/cat pod=attacker
2026-07-24 13:09:44,479 INFO Docker→UID map: 66 entries
2026-07-24 13:09:46,531 INFO Processed 24400 events
2026-07-24 13:09:46,787 INFO [LEARNED] exec container b659ba7f7fac... -> attacker
2026-07-24 13:09:46,788 INFO [QUEUED] default/attacker | /usr/bin/cat
[DEQUEUE-B] process_exec /usr/bin/cat pod=attacker
2026-07-24 13:09:47,513 INFO Docker→UID map: 66 entries
2026-07-24 13:09:53,125 INFO Docker→UID map: 66 entries
2026-07-24 13:09:55,353 INFO [LEARNED] exec container b659ba7f7fac... -> attacker
2026-07-24 13:09:55,360 INFO [QUEUED] default/attacker | /usr/bin/cat
[DEQUEUE-B] process_exec /usr/bin/cat pod=attacker
2026-07-24 13:09:56,154 INFO Docker→UID map: 66 entries
2026-07-24 13:09:57,209 INFO Processed 24600 events
2026-07-24 13:09:59,187 INFO Docker→UID map: 66 entries
2026-07-24 13:10:01,353 INFO [LEARNED] exec container b659ba7f7fac... -> attacker
2026-07-24 13:10:01,354 INFO [QUEUED] default/attacker | /usr/bin/cat
[DEQUEUE-B] process_exec /usr/bin/cat pod=attacker
2026-07-24 13:10:01,355 INFO [QUEUED] kube-system/kube-proxy-qfgjg | /usr/sbin/ip6tables
[DEQUEUE-B] process_exec /usr/sbin/ip6tables pod=kube-proxy-qfgjg
2026-07-24 13:10:01,356 INFO [QUEUED] kube-system/kube-proxy-qfgjg | /usr/sbin/iptables
[DEQUEUE-B] process_exec /usr/sbin/iptables pod=kube-proxy-qfgjg
2026-07-24 13:10:02,224 INFO Docker→UID map: 66 entries
2026-07-24 13:10:02,959 INFO [ADD] default/t1610-target-1 uid=d940a605-e027-4099-ba99-d43545855b5b ip=None sa=default
2026-07-24 13:10:03,000 INFO [ADD] default/t1610-target-1 uid=d940a605-e027-4099-ba99-d43545855b5b ip=None sa=default
2026-07-24 13:10:03,041 INFO [ADD] default/t1610-target-1 uid=d940a605-e027-4099-ba99-d43545855b5b ip=None sa=default
2026-07-24 13:10:03,106 INFO Processed 24800 events
2026-07-24 13:10:03,159 INFO [ADD] default/t1610-target-2 uid=c48f100e-11d9-42f3-96c9-583dcd56d218 ip=None sa=default
2026-07-24 13:10:03,179 INFO [ADD] default/t1610-target-2 uid=c48f100e-11d9-42f3-96c9-583dcd56d218 ip=None sa=default
2026-07-24 13:10:03,221 INFO [ADD] default/t1610-target-2 uid=c48f100e-11d9-42f3-96c9-583dcd56d218 ip=None sa=default
2026-07-24 13:10:03,407 INFO [ADD] default/t1610-target-3 uid=eefc4085-fcbd-46f9-8e2f-ae508b7665f6 ip=None sa=default
2026-07-24 13:10:03,423 INFO [ADD] default/t1610-target-3 uid=eefc4085-fcbd-46f9-8e2f-ae508b7665f6 ip=None sa=default
2026-07-24 13:10:03,453 INFO [ADD] default/t1610-target-3 uid=eefc4085-fcbd-46f9-8e2f-ae508b7665f6 ip=None sa=default
2026-07-24 13:10:03,630 INFO Processed 25000 events
2026-07-24 13:10:03,710 INFO [ADD] default/t1610-target-4 uid=3510df85-8655-4534-850c-8f0076276a03 ip=None sa=default
2026-07-24 13:10:03,724 INFO [ADD] default/t1610-target-4 uid=3510df85-8655-4534-850c-8f0076276a03 ip=None sa=default
2026-07-24 13:10:03,747 INFO [ADD] default/t1610-target-4 uid=3510df85-8655-4534-850c-8f0076276a03 ip=None sa=default
2026-07-24 13:10:03,822 INFO Processed 25200 events
2026-07-24 13:10:03,944 INFO [ADD] default/t1610-target-5 uid=f327268e-5b55-4188-a7b9-751776c91eca ip=None sa=default
2026-07-24 13:10:03,950 INFO [ADD] default/t1610-target-5 uid=f327268e-5b55-4188-a7b9-751776c91eca ip=None sa=default
2026-07-24 13:10:03,967 INFO [ADD] default/t1610-target-5 uid=f327268e-5b55-4188-a7b9-751776c91eca ip=None sa=default
2026-07-24 13:10:04,245 INFO Processed 25400 events
2026-07-24 13:10:04,397 INFO Processed 25600 events
2026-07-24 13:10:05,280 INFO Docker→UID map: 66 entries
2026-07-24 13:10:05,308 INFO Processed 25800 events
2026-07-24 13:10:05,353 INFO [LEARNED] exec container b659ba7f7fac... -> attacker
2026-07-24 13:10:05,354 INFO [QUEUED] default/attacker | /usr/bin/cat
[DEQUEUE-B] process_exec /usr/bin/cat pod=attacker2026-07-24 13:10:05,354 INFO [QUEUED] default/attacker | /usr/bin/sleep

[DEQUEUE-B] process_exec /usr/bin/sleep pod=attacker
2026-07-24 13:10:05,989 INFO [ADD] default/t1610-target-2 uid=c48f100e-11d9-42f3-96c9-583dcd56d218 ip=10.244.2.4 sa=default
2026-07-24 13:10:06,117 INFO [ADD] default/t1610-target-3 uid=eefc4085-fcbd-46f9-8e2f-ae508b7665f6 ip=10.244.1.4 sa=default
2026-07-24 13:10:06,354 INFO Processed 26000 events
2026-07-24 13:10:06,686 INFO Processed 26200 events
2026-07-24 13:10:06,991 INFO [ADD] default/t1610-target-1 uid=d940a605-e027-4099-ba99-d43545855b5b ip=10.244.2.3 sa=default
2026-07-24 13:10:07,147 INFO Processed 26400 events
2026-07-24 13:10:07,353 INFO [QUEUED] kube-system/kube-proxy-2jd2m | /usr/sbin/iptables
[DEQUEUE-B] process_exec /usr/sbin/iptables pod=kube-proxy-2jd2m
2026-07-24 13:10:07,353 INFO [QUEUED] kube-system/kube-proxy-2jd2m | /usr/sbin/ip6tables
[DEQUEUE-B] process_exec /usr/sbin/ip6tables pod=kube-proxy-2jd2m
2026-07-24 13:10:07,354 INFO [QUEUED] kube-system/kube-proxy-x58jj | /usr/sbin/ip6tables
[DEQUEUE-B] process_exec /usr/sbin/ip6tables pod=kube-proxy-x58jj
2026-07-24 13:10:07,355 INFO [QUEUED] kube-system/kube-proxy-x58jj | /usr/sbin/iptables
[DEQUEUE-B] process_exec /usr/sbin/iptables pod=kube-proxy-x58jj
2026-07-24 13:10:08,108 INFO Processed 26600 events
2026-07-24 13:10:08,118 INFO [ADD] default/t1610-target-4 uid=3510df85-8655-4534-850c-8f0076276a03 ip=10.244.1.5 sa=default
2026-07-24 13:10:08,329 INFO Docker→UID map: 78 entries
2026-07-24 13:10:08,894 INFO [NET] default/attacker -> 10.244.2.3:80
[DEQUEUE-B] network_connect  pod=attacker
2026-07-24 13:10:08,897 INFO [AUDIT] pod/exec by kubernetes-admin -> default/attacker
[DEQUEUE-B] pod_exec  pod=attacker
2026-07-24 13:10:08,898 WARNING [MEDIUM] T1021: Remote exec into default/attacker
2026-07-24 13:10:09,044 INFO [ADD] default/t1610-target-5 uid=f327268e-5b55-4188-a7b9-751776c91eca ip=10.244.2.5 sa=default
2026-07-24 13:10:09,109 INFO [NET] default/attacker -> 10.244.2.4:80
[DEQUEUE-B] network_connect  pod=attacker
2026-07-24 13:10:09,111 INFO [AUDIT] pod/exec by kubernetes-admin -> default/attacker
[DEQUEUE-B] pod_exec  pod=attacker
2026-07-24 13:10:09,112 WARNING [MEDIUM] T1021: Remote exec into default/attacker
2026-07-24 13:10:09,480 INFO Processed 26800 events
2026-07-24 13:10:11,361 INFO [LEARNED] exec container b659ba7f7fac... -> attacker
2026-07-24 13:10:11,367 INFO [QUEUED] default/attacker | /usr/bin/cat
[DEQUEUE-B] process_exec /usr/bin/cat pod=attacker2026-07-24 13:10:11,370 INFO Docker→UID map: 81 entries

2026-07-24 13:10:14,407 INFO Docker→UID map: 81 entries
2026-07-24 13:10:14,566 INFO 127.0.0.1 - - [24/Jul/2026 13:10:14] "GET /api/stats HTTP/1.1" 200 -
2026-07-24 13:10:14,618 INFO 127.0.0.1 - - [24/Jul/2026 13:10:14] "[33mGET /favicon.ico HTTP/1.1[0m" 404 -
2026-07-24 13:10:15,282 INFO 127.0.0.1 - - [24/Jul/2026 13:10:15] "GET /api/stats HTTP/1.1" 200 -
2026-07-24 13:10:15,328 INFO 127.0.0.1 - - [24/Jul/2026 13:10:15] "[33mGET /favicon.ico HTTP/1.1[0m" 404 -
2026-07-24 13:10:17,353 INFO [LEARNED] exec container b659ba7f7fac... -> attacker
2026-07-24 13:10:17,354 INFO [QUEUED] default/attacker | /usr/bin/cat
[DEQUEUE-B] process_exec /usr/bin/cat pod=attacker
2026-07-24 13:10:17,418 INFO Processed 27000 events
2026-07-24 13:10:17,436 INFO Docker→UID map: 81 entries
2026-07-24 13:10:20,479 INFO Docker→UID map: 81 entries
2026-07-24 13:10:21,354 INFO [LEARNED] exec container b659ba7f7fac... -> attacker
2026-07-24 13:10:21,355 INFO [QUEUED] default/attacker | /usr/bin/cat
[DEQUEUE-B] process_exec /usr/bin/cat pod=attacker
2026-07-24 13:10:24,465 INFO Processed 27200 events
2026-07-24 13:10:24,640 INFO Docker→UID map: 81 entries
2026-07-24 13:10:27,680 INFO Docker→UID map: 81 entries
2026-07-24 13:10:28,482 INFO [LEARNED] exec container b659ba7f7fac... -> attacker
2026-07-24 13:10:28,482 INFO [QUEUED] default/attacker | /usr/bin/cat
[DEQUEUE-B] process_exec /usr/bin/cat pod=attacker
2026-07-24 13:10:30,672 INFO Processed 27400 events
2026-07-24 13:10:30,720 INFO Docker→UID map: 81 entries
2026-07-24 13:10:32,483 INFO [QUEUED] kube-system/kube-proxy-qfgjg | /usr/sbin/iptables
[DEQUEUE-B] process_exec /usr/sbin/iptables pod=kube-proxy-qfgjg
2026-07-24 13:10:32,484 INFO [QUEUED] kube-system/kube-proxy-qfgjg | /usr/sbin/ip6tables
[DEQUEUE-B] process_exec /usr/sbin/ip6tables pod=kube-proxy-qfgjg2026-07-24 13:10:32,486 INFO [LEARNED] exec container b659ba7f7fac... -> attacker
2026-07-24 13:10:32,486 INFO [QUEUED] default/attacker | /usr/bin/cat

[DEQUEUE-B] process_exec /usr/bin/cat pod=attacker
2026-07-24 13:10:33,759 INFO Docker→UID map: 81 entries
2026-07-24 13:10:34,487 INFO [LEARNED] exec container 6a84b6f29018... -> t1610-target-2
2026-07-24 13:10:34,487 INFO [QUEUED] default/t1610-target-2 | /kind/bin/mount-product-files.sh
[DEQUEUE-B] process_exec /kind/bin/mount-product-files.sh pod=t1610-target-2
2026-07-24 13:10:34,488 INFO [QUEUED] default/t1610-target-2 | /usr/bin/jq
[DEQUEUE-B] process_exec /usr/bin/jq pod=t1610-target-22026-07-24 13:10:34,489 INFO [QUEUED] default/t1610-target-2 | /usr/bin/cp
2026-07-24 13:10:34,489 INFO [LEARNED] exec container 6a84b6f29018... -> t1610-target-2

[DEQUEUE-B] process_exec /usr/bin/cp pod=t1610-target-22026-07-24 13:10:34,490 INFO [QUEUED] default/t1610-target-2 | /usr/bin/sleep

[DEQUEUE-B] process_exec /usr/bin/sleep pod=t1610-target-2
2026-07-24 13:10:34,690 INFO Processed 27600 events
2026-07-24 13:10:36,482 INFO [LEARNED] exec container 4a1369ab09f2... -> t1610-target-3
2026-07-24 13:10:36,483 INFO [QUEUED] default/t1610-target-3 | /kind/bin/mount-product-files.sh
[DEQUEUE-B] process_exec /kind/bin/mount-product-files.sh pod=t1610-target-3
2026-07-24 13:10:36,483 INFO [QUEUED] default/t1610-target-3 | /usr/bin/jq
[DEQUEUE-B] process_exec /usr/bin/jq pod=t1610-target-3
2026-07-24 13:10:36,485 INFO [QUEUED] default/t1610-target-3 | /usr/bin/cp
2026-07-24 13:10:36,486 INFO [LEARNED] exec container 4a1369ab09f2... -> t1610-target-3
[DEQUEUE-B] process_exec /usr/bin/cp pod=t1610-target-3
2026-07-24 13:10:36,486 INFO [QUEUED] default/t1610-target-3 | /usr/bin/sleep
[DEQUEUE-B] process_exec /usr/bin/sleep pod=t1610-target-3
2026-07-24 13:10:36,488 INFO [QUEUED] kube-system/kindnet-j88vp | /usr/sbin/iptables
2026-07-24 13:10:36,529 INFO [QUEUED] kube-system/kindnet-j88vp | /usr/sbin/iptables
[DEQUEUE-B] process_exec /usr/sbin/iptables pod=kindnet-j88vp
2026-07-24 13:10:36,531 INFO [QUEUED] kube-system/kindnet-j88vp | /usr/sbin/iptables
2026-07-24 13:10:36,533 INFO [QUEUED] kube-system/kindnet-j88vp | /usr/sbin/iptables
[DEQUEUE-B] process_exec /usr/sbin/iptables pod=kindnet-j88vp2026-07-24 13:10:36,534 INFO [LEARNED] exec container 35917e7d2e45... -> t1610-target-1
2026-07-24 13:10:36,535 INFO [QUEUED] default/t1610-target-1 | /kind/bin/mount-product-files.sh

2026-07-24 13:10:36,535 INFO [QUEUED] default/t1610-target-1 | /usr/bin/jq
[DEQUEUE-B] process_exec /usr/sbin/iptables pod=kindnet-j88vp
2026-07-24 13:10:36,536 INFO [QUEUED] default/t1610-target-1 | /usr/bin/cp
[DEQUEUE-B] process_exec /usr/sbin/iptables pod=kindnet-j88vp2026-07-24 13:10:36,537 INFO [LEARNED] exec container 35917e7d2e45... -> t1610-target-1
2026-07-24 13:10:36,538 INFO [QUEUED] default/t1610-target-1 | /usr/bin/sleep

[DEQUEUE-B] process_exec /kind/bin/mount-product-files.sh pod=t1610-target-12026-07-24 13:10:36,539 INFO [QUEUED] default/attacker | /usr/bin/sleep

[DEQUEUE-B] process_exec /usr/bin/jq pod=t1610-target-12026-07-24 13:10:36,540 INFO [LEARNED] exec container 44acbff21fe6... -> t1610-target-4
2026-07-24 13:10:36,542 INFO [QUEUED] default/t1610-target-4 | /kind/bin/mount-product-files.sh

[DEQUEUE-B] process_exec /usr/bin/cp pod=t1610-target-12026-07-24 13:10:36,542 INFO [QUEUED] default/t1610-target-4 | /usr/bin/jq
2026-07-24 13:10:36,543 INFO [QUEUED] default/t1610-target-4 | /usr/bin/cp

[DEQUEUE-B] process_exec /usr/bin/sleep pod=t1610-target-12026-07-24 13:10:36,544 INFO [LEARNED] exec container 44acbff21fe6... -> t1610-target-4
2026-07-24 13:10:36,547 INFO [QUEUED] default/t1610-target-4 | /usr/bin/sleep

[DEQUEUE-B] process_exec /usr/bin/sleep pod=attacker
[DEQUEUE-B] process_exec /kind/bin/mount-product-files.sh pod=t1610-target-4
[DEQUEUE-B] process_exec /usr/bin/jq pod=t1610-target-4
[DEQUEUE-B] process_exec /usr/bin/cp pod=t1610-target-4
[DEQUEUE-B] process_exec /usr/bin/sleep pod=t1610-target-4
2026-07-24 13:10:36,627 WARNING [DROPPED] Could not resolve pod_uid for /pause after 2s retry window
2026-07-24 13:10:36,628 WARNING [DROPPED] Could not resolve pod_uid for /pause after 2s retry window
2026-07-24 13:10:36,629 WARNING [DROPPED] Could not resolve pod_uid for /pause after 2s retry window
2026-07-24 13:10:36,629 WARNING [DROPPED] Could not resolve pod_uid for /pause after 2s retry window
2026-07-24 13:10:36,630 WARNING [DROPPED] Could not resolve pod_uid for /pause after 2s retry window
2026-07-24 13:10:36,799 INFO Docker→UID map: 81 entries
2026-07-24 13:10:38,482 INFO [LEARNED] exec container b0d4cd0959f7... -> t1610-target-5
2026-07-24 13:10:38,482 INFO [QUEUED] default/t1610-target-5 | /kind/bin/mount-product-files.sh
[DEQUEUE-B] process_exec /kind/bin/mount-product-files.sh pod=t1610-target-5
2026-07-24 13:10:38,483 INFO [QUEUED] default/t1610-target-5 | /usr/bin/jq
[DEQUEUE-B] process_exec /usr/bin/jq pod=t1610-target-5
2026-07-24 13:10:38,484 INFO [QUEUED] default/t1610-target-5 | /usr/bin/cp
[DEQUEUE-B] process_exec /usr/bin/cp pod=t1610-target-5
2026-07-24 13:10:38,485 INFO [LEARNED] exec container b0d4cd0959f7... -> t1610-target-5
2026-07-24 13:10:38,486 INFO [QUEUED] default/t1610-target-5 | /usr/bin/sleep
[DEQUEUE-B] process_exec /usr/bin/sleep pod=t1610-target-5
2026-07-24 13:10:38,486 INFO [LEARNED] exec container b659ba7f7fac... -> attacker
2026-07-24 13:10:38,487 INFO [QUEUED] default/attacker | /usr/bin/cat
[DEQUEUE-B] process_exec /usr/bin/cat pod=attacker2026-07-24 13:10:38,487 INFO [QUEUED] kube-system/kube-proxy-2jd2m | /usr/sbin/iptables

2026-07-24 13:10:38,488 INFO [QUEUED] kube-system/kube-proxy-2jd2m | /usr/sbin/ip6tables
[DEQUEUE-B] process_exec /usr/sbin/iptables pod=kube-proxy-2jd2m
2026-07-24 13:10:38,488 INFO [QUEUED] kube-system/kube-proxy-x58jj | /usr/sbin/ip6tables
[DEQUEUE-B] process_exec /usr/sbin/ip6tables pod=kube-proxy-2jd2m2026-07-24 13:10:38,489 INFO [QUEUED] kube-system/kube-proxy-x58jj | /usr/sbin/iptables

[DEQUEUE-B] process_exec /usr/sbin/ip6tables pod=kube-proxy-x58jj2026-07-24 13:10:38,490 INFO [LEARNED] exec container b659ba7f7fac... -> attacker

2026-07-24 13:10:38,491 INFO [QUEUED] default/attacker | /usr/bin/bash
[DEQUEUE-B] process_exec /usr/sbin/iptables pod=kube-proxy-x58jj2026-07-24 13:10:38,491 INFO [QUEUED] default/attacker | /usr/bin/curl

2026-07-24 13:10:38,491 INFO [LEARNED] exec container b659ba7f7fac... -> attacker
[DEQUEUE-B] process_exec /usr/bin/bash pod=attacker
2026-07-24 13:10:38,492 INFO [QUEUED] default/attacker | /usr/bin/bash
2026-07-24 13:10:38,492 WARNING [MEDIUM] T1059: Shell in default/attacker (preceded by kubectl exec)
[DEQUEUE-B] process_exec /usr/bin/curl pod=attacker
2026-07-24 13:10:38,492 INFO [QUEUED] default/attacker | /usr/bin/curl
[DEQUEUE-B] process_exec /usr/bin/bash pod=attacker
2026-07-24 13:10:38,494 WARNING [MEDIUM] T1059: Shell in default/attacker (preceded by kubectl exec)
[DEQUEUE-B] process_exec /usr/bin/curl pod=attacker
2026-07-24 13:10:38,842 INFO Processed 27800 events
2026-07-24 13:10:42,877 INFO Docker→UID map: 81 entries
2026-07-24 13:10:43,528 INFO [QUEUED] kube-system/kindnet-fvfd4 | /usr/sbin/iptables
[DEQUEUE-B] process_exec /usr/sbin/iptables pod=kindnet-fvfd4
2026-07-24 13:10:43,533 INFO [QUEUED] kube-system/kindnet-fvfd4 | /usr/sbin/iptables
[DEQUEUE-B] process_exec /usr/sbin/iptables pod=kindnet-fvfd4
2026-07-24 13:10:43,542 INFO [QUEUED] kube-system/kindnet-fvfd4 | /usr/sbin/iptables
[DEQUEUE-B] process_exec /usr/sbin/iptables pod=kindnet-fvfd42026-07-24 13:10:43,543 INFO [QUEUED] kube-system/kindnet-fvfd4 | /usr/sbin/iptables

[DEQUEUE-B] process_exec /usr/sbin/iptables pod=kindnet-fvfd42026-07-24 13:10:43,544 INFO [QUEUED] kube-system/kindnet-qgrsr | /usr/sbin/iptables

2026-07-24 13:10:43,558 INFO [QUEUED] kube-system/kindnet-qgrsr | /usr/sbin/iptables
2026-07-24 13:10:43,559 INFO [QUEUED] kube-system/kindnet-qgrsr | /usr/sbin/iptables
[DEQUEUE-B] process_exec /usr/sbin/iptables pod=kindnet-qgrsr
2026-07-24 13:10:43,559 INFO [QUEUED] kube-system/kindnet-qgrsr | /usr/sbin/iptables
[DEQUEUE-B] process_exec /usr/sbin/iptables pod=kindnet-qgrsr
[DEQUEUE-B] process_exec /usr/sbin/iptables pod=kindnet-qgrsr
[DEQUEUE-B] process_exec /usr/sbin/iptables pod=kindnet-qgrsr
2026-07-24 13:10:45,923 INFO Docker→UID map: 81 entries
2026-07-24 13:10:47,526 INFO [LEARNED] exec container b659ba7f7fac... -> attacker
2026-07-24 13:10:47,527 INFO [QUEUED] default/attacker | /usr/bin/cat
[DEQUEUE-B] process_exec /usr/bin/cat pod=attacker
2026-07-24 13:10:48,935 INFO Processed 28000 events
2026-07-24 13:10:48,958 INFO Docker→UID map: 81 entries
2026-07-24 13:10:51,524 INFO [LEARNED] exec container b659ba7f7fac... -> attacker
2026-07-24 13:10:51,525 INFO [QUEUED] default/attacker | /usr/bin/cat
[DEQUEUE-B] process_exec /usr/bin/cat pod=attacker
2026-07-24 13:10:52,002 INFO Docker→UID map: 81 entries
2026-07-24 13:10:54,657 INFO Processed 28200 events
2026-07-24 13:10:55,039 INFO Docker→UID map: 81 entries
2026-07-24 13:10:58,681 INFO [LEARNED] exec container b659ba7f7fac... -> attacker
2026-07-24 13:10:58,682 INFO [QUEUED] default/attacker | /usr/bin/cat
[DEQUEUE-B] process_exec /usr/bin/cat pod=attacker
2026-07-24 13:10:59,236 INFO Docker→UID map: 81 entries
2026-07-24 13:11:01,339 INFO Processed 28400 events
2026-07-24 13:11:02,268 INFO Docker→UID map: 81 entries
2026-07-24 13:11:04,682 INFO [LEARNED] exec container b659ba7f7fac... -> attacker
2026-07-24 13:11:04,683 INFO [QUEUED] default/attacker | /usr/bin/cat
[DEQUEUE-B] process_exec /usr/bin/cat pod=attacker
2026-07-24 13:11:05,333 INFO Docker→UID map: 81 entries
2026-07-24 13:11:06,682 INFO [QUEUED] kube-system/kube-proxy-qfgjg | /usr/sbin/iptables
[DEQUEUE-B] process_exec /usr/sbin/iptables pod=kube-proxy-qfgjg
2026-07-24 13:11:06,683 INFO [QUEUED] kube-system/kube-proxy-qfgjg | /usr/sbin/ip6tables
[DEQUEUE-B] process_exec /usr/sbin/ip6tables pod=kube-proxy-qfgjg
2026-07-24 13:11:08,367 INFO Docker→UID map: 81 entries
2026-07-24 13:11:08,425 INFO Processed 28600 events
2026-07-24 13:11:08,681 INFO [LEARNED] exec container b659ba7f7fac... -> attacker
2026-07-24 13:11:08,682 INFO [QUEUED] default/attacker | /usr/bin/cat
[DEQUEUE-B] process_exec /usr/bin/cat pod=attacker
2026-07-24 13:11:10,681 INFO [QUEUED] default/attacker | /usr/bin/sleep
[DEQUEUE-B] process_exec /usr/bin/sleep pod=attacker
2026-07-24 13:11:11,402 INFO Docker→UID map: 81 entries
2026-07-24 13:11:12,681 INFO [QUEUED] kube-system/kube-proxy-2jd2m | /usr/sbin/iptables
2026-07-24 13:11:12,682 INFO [QUEUED] kube-system/kube-proxy-2jd2m | /usr/sbin/ip6tables
[DEQUEUE-B] process_exec /usr/sbin/iptables pod=kube-proxy-2jd2m
2026-07-24 13:11:12,682 INFO [QUEUED] kube-system/kube-proxy-x58jj | /usr/sbin/ip6tables
2026-07-24 13:11:12,684 INFO [QUEUED] kube-system/kube-proxy-x58jj | /usr/sbin/iptables
[DEQUEUE-B] process_exec /usr/sbin/ip6tables pod=kube-proxy-2jd2m
[DEQUEUE-B] process_exec /usr/sbin/ip6tables pod=kube-proxy-x58jj
[DEQUEUE-B] process_exec /usr/sbin/iptables pod=kube-proxy-x58jj
2026-07-24 13:11:14,435 INFO Docker→UID map: 81 entries
2026-07-24 13:11:14,681 INFO [LEARNED] exec container b659ba7f7fac... -> attacker
2026-07-24 13:11:14,687 INFO [QUEUED] default/attacker | /usr/bin/cat
[DEQUEUE-B] process_exec /usr/bin/cat pod=attacker
2026-07-24 13:11:14,970 INFO Processed 28800 events
2026-07-24 13:11:17,466 INFO Docker→UID map: 81 entries
2026-07-24 13:11:18,682 INFO [LEARNED] exec container b659ba7f7fac... -> attacker
2026-07-24 13:11:18,682 INFO [QUEUED] default/attacker | /usr/bin/cat
[DEQUEUE-B] process_exec /usr/bin/cat pod=attacker
2026-07-24 13:11:20,501 INFO Docker→UID map: 81 entries
2026-07-24 13:11:20,989 INFO Processed 29000 events
2026-07-24 13:11:23,537 INFO Docker→UID map: 81 entries
2026-07-24 13:11:24,682 INFO [LEARNED] exec container b659ba7f7fac... -> attacker
2026-07-24 13:11:24,683 INFO [QUEUED] default/attacker | /usr/bin/cat
[DEQUEUE-B] process_exec /usr/bin/cat pod=attacker
2026-07-24 13:11:26,570 INFO Docker→UID map: 81 entries
2026-07-24 13:11:27,626 INFO Processed 29200 events
2026-07-24 13:11:32,344 INFO Docker→UID map: 81 entries
2026-07-24 13:11:33,416 INFO [LEARNED] exec container b659ba7f7fac... -> attacker
2026-07-24 13:11:33,416 INFO [QUEUED] default/attacker | /usr/bin/cat
[DEQUEUE-B] process_exec /usr/bin/cat pod=attacker
2026-07-24 13:11:35,379 INFO Docker→UID map: 81 entries
2026-07-24 13:11:36,105 INFO Processed 29400 events
2026-07-24 13:11:37,416 INFO [LEARNED] exec container b659ba7f7fac... -> attacker
2026-07-24 13:11:37,417 INFO [QUEUED] default/attacker | /usr/bin/cat
[DEQUEUE-B] process_exec /usr/bin/cat pod=attacker
2026-07-24 13:11:38,415 INFO Docker→UID map: 81 entries
2026-07-24 13:11:39,415 INFO [QUEUED] kube-system/kube-proxy-qfgjg | /usr/sbin/ip6tables
[DEQUEUE-B] process_exec /usr/sbin/ip6tables pod=kube-proxy-qfgjg
2026-07-24 13:11:39,417 INFO [QUEUED] kube-system/kube-proxy-qfgjg | /usr/sbin/iptables
[DEQUEUE-B] process_exec /usr/sbin/iptables pod=kube-proxy-qfgjg
2026-07-24 13:11:41,446 INFO Docker→UID map: 81 entries
2026-07-24 13:11:42,953 INFO Processed 29600 events
2026-07-24 13:11:43,416 INFO [QUEUED] kube-system/kindnet-j88vp | /usr/sbin/iptables
[DEQUEUE-B] process_exec /usr/sbin/iptables pod=kindnet-j88vp
2026-07-24 13:11:43,417 INFO [QUEUED] kube-system/kindnet-j88vp | /usr/sbin/iptables
[DEQUEUE-B] process_exec /usr/sbin/iptables pod=kindnet-j88vp
2026-07-24 13:11:43,418 INFO [QUEUED] kube-system/kindnet-j88vp | /usr/sbin/iptables
[DEQUEUE-B] process_exec /usr/sbin/iptables pod=kindnet-j88vp
2026-07-24 13:11:43,419 INFO [QUEUED] kube-system/kindnet-j88vp | /usr/sbin/iptables
[DEQUEUE-B] process_exec /usr/sbin/iptables pod=kindnet-j88vp
2026-07-24 13:11:43,421 INFO [LEARNED] exec container b659ba7f7fac... -> attacker
2026-07-24 13:11:43,422 INFO [QUEUED] default/attacker | /usr/bin/cat
[DEQUEUE-B] process_exec /usr/bin/cat pod=attacker
2026-07-24 13:11:43,422 INFO [QUEUED] default/attacker | /usr/bin/sleep
[DEQUEUE-B] process_exec /usr/bin/sleep pod=attacker
2026-07-24 13:11:44,478 INFO Docker→UID map: 81 entries
2026-07-24 13:11:45,415 INFO [QUEUED] kube-system/kube-proxy-2jd2m | /usr/sbin/iptables
[DEQUEUE-B] process_exec /usr/sbin/iptables pod=kube-proxy-2jd2m
2026-07-24 13:11:45,419 INFO [QUEUED] kube-system/kube-proxy-2jd2m | /usr/sbin/ip6tables
[DEQUEUE-B] process_exec /usr/sbin/ip6tables pod=kube-proxy-2jd2m
2026-07-24 13:11:45,424 INFO [QUEUED] kube-system/kube-proxy-x58jj | /usr/sbin/ip6tables
[DEQUEUE-B] process_exec /usr/sbin/ip6tables pod=kube-proxy-x58jj
2026-07-24 13:11:45,426 INFO [QUEUED] kube-system/kube-proxy-x58jj | /usr/sbin/iptables
[DEQUEUE-B] process_exec /usr/sbin/iptables pod=kube-proxy-x58jj
2026-07-24 13:11:47,416 INFO [QUEUED] kube-system/kindnet-fvfd4 | /usr/sbin/iptables
2026-07-24 13:11:47,417 INFO [QUEUED] kube-system/kindnet-fvfd4 | /usr/sbin/iptables
[DEQUEUE-B] process_exec /usr/sbin/iptables pod=kindnet-fvfd4
2026-07-24 13:11:47,417 INFO [QUEUED] kube-system/kindnet-fvfd4 | /usr/sbin/iptables
2026-07-24 13:11:47,420 INFO [QUEUED] kube-system/kindnet-fvfd4 | /usr/sbin/iptables
[DEQUEUE-B] process_exec /usr/sbin/iptables pod=kindnet-fvfd4
2026-07-24 13:11:47,421 INFO [QUEUED] kube-system/kindnet-qgrsr | /usr/sbin/iptables
[DEQUEUE-B] process_exec /usr/sbin/iptables pod=kindnet-fvfd4
2026-07-24 13:11:47,422 INFO [QUEUED] kube-system/kindnet-qgrsr | /usr/sbin/iptables
2026-07-24 13:11:47,424 INFO [QUEUED] kube-system/kindnet-qgrsr | /usr/sbin/iptables
[DEQUEUE-B] process_exec /usr/sbin/iptables pod=kindnet-fvfd4
2026-07-24 13:11:47,424 INFO [QUEUED] kube-system/kindnet-qgrsr | /usr/sbin/iptables
[DEQUEUE-B] process_exec /usr/sbin/iptables pod=kindnet-qgrsr
[DEQUEUE-B] process_exec /usr/sbin/iptables pod=kindnet-qgrsr
[DEQUEUE-B] process_exec /usr/sbin/iptables pod=kindnet-qgrsr
[DEQUEUE-B] process_exec /usr/sbin/iptables pod=kindnet-qgrsr
2026-07-24 13:11:47,506 INFO Docker→UID map: 81 entries
2026-07-24 13:11:48,890 INFO Processed 29800 events
2026-07-24 13:11:49,415 INFO [LEARNED] exec container b659ba7f7fac... -> attacker
2026-07-24 13:11:49,416 INFO [QUEUED] default/attacker | /usr/bin/cat
[DEQUEUE-B] process_exec /usr/bin/cat pod=attacker
2026-07-24 13:11:50,563 INFO Docker→UID map: 81 entries
2026-07-24 13:11:53,416 INFO [LEARNED] exec container b659ba7f7fac... -> attacker
2026-07-24 13:11:53,417 INFO [QUEUED] default/attacker | /usr/bin/cat
[DEQUEUE-B] process_exec /usr/bin/cat pod=attacker
2026-07-24 13:11:53,592 INFO Docker→UID map: 81 entries
2026-07-24 13:11:55,492 INFO Processed 30000 events
2026-07-24 13:11:56,621 INFO Docker→UID map: 81 entries
2026-07-24 13:11:59,415 INFO [LEARNED] exec container b659ba7f7fac... -> attacker
2026-07-24 13:11:59,416 INFO [QUEUED] default/attacker | /usr/bin/cat
[DEQUEUE-B] process_exec /usr/bin/cat pod=attacker
2026-07-24 13:11:59,669 INFO Docker→UID map: 81 entries
2026-07-24 13:12:04,893 INFO Processed 30200 events
2026-07-24 13:12:05,556 INFO Docker→UID map: 81 entries
2026-07-24 13:12:08,259 INFO [LEARNED] exec container b659ba7f7fac... -> attacker
2026-07-24 13:12:08,260 INFO [QUEUED] default/attacker | /usr/bin/cat
[DEQUEUE-B] process_exec /usr/bin/cat pod=attacker
2026-07-24 13:12:08,611 INFO Docker→UID map: 81 entries
2026-07-24 13:12:10,989 INFO Processed 30400 events
2026-07-24 13:12:11,650 INFO Docker→UID map: 81 entries
2026-07-24 13:12:12,260 INFO [QUEUED] kube-system/kube-proxy-qfgjg | /usr/sbin/iptables
2026-07-24 13:12:12,261 INFO [QUEUED] kube-system/kube-proxy-qfgjg | /usr/sbin/ip6tables
[DEQUEUE-B] process_exec /usr/sbin/iptables pod=kube-proxy-qfgjg
2026-07-24 13:12:12,261 INFO [LEARNED] exec container b659ba7f7fac... -> attacker
2026-07-24 13:12:12,263 INFO [QUEUED] default/attacker | /usr/bin/cat
[DEQUEUE-B] process_exec /usr/sbin/ip6tables pod=kube-proxy-qfgjg
[DEQUEUE-B] process_exec /usr/bin/cat pod=attacker
2026-07-24 13:12:14,710 INFO Docker→UID map: 81 entries
2026-07-24 13:12:15,817 INFO Processed 30600 events
2026-07-24 13:12:16,263 INFO [QUEUED] default/attacker | /usr/bin/sleep
[DEQUEUE-B] process_exec /usr/bin/sleep pod=attacker
2026-07-24 13:12:16,732 INFO [NET] default/attacker -> 10.244.2.3:80
[DEQUEUE-B] network_connect  pod=attacker
2026-07-24 13:12:16,747 INFO [AUDIT] pod/exec by kubernetes-admin -> default/attacker
[DEQUEUE-B] pod_exec  pod=attacker
2026-07-24 13:12:16,749 WARNING [MEDIUM] T1021: Remote exec into default/attacker
2026-07-24 13:12:16,968 INFO [NET] default/attacker -> 10.244.2.4:80
[DEQUEUE-B] network_connect  pod=attacker
2026-07-24 13:12:16,971 INFO [AUDIT] pod/exec by kubernetes-admin -> default/attacker
[DEQUEUE-B] pod_exec  pod=attacker
2026-07-24 13:12:16,972 WARNING [MEDIUM] T1021: Remote exec into default/attacker
2026-07-24 13:12:17,174 INFO [NET] default/attacker -> 10.244.1.4:80
[DEQUEUE-B] network_connect  pod=attacker
2026-07-24 13:12:17,177 INFO [AUDIT] pod/exec by kubernetes-admin -> default/attacker
[DEQUEUE-B] pod_exec  pod=attacker
2026-07-24 13:12:17,180 WARNING [MEDIUM] T1021: Remote exec into default/attacker
2026-07-24 13:12:17,387 INFO [NET] default/attacker -> 10.244.1.5:80
[DEQUEUE-B] network_connect  pod=attacker
2026-07-24 13:12:17,390 INFO [AUDIT] pod/exec by kubernetes-admin -> default/attacker
[DEQUEUE-B] pod_exec  pod=attacker
2026-07-24 13:12:17,392 WARNING [MEDIUM] T1021: Remote exec into default/attacker
2026-07-24 13:12:17,548 INFO Processed 30800 events
2026-07-24 13:12:17,611 INFO [NET] default/attacker -> 10.244.2.5:80
[DEQUEUE-B] network_connect  pod=attacker
2026-07-24 13:12:17,615 INFO [AUDIT] pod/exec by kubernetes-admin -> default/attacker
2026-07-24 13:12:17,640 WARNING [MEDIUM] T1610: Network scan-like burst from attacker: 5 distinct pods in 10s
[DEQUEUE-B] pod_exec  pod=attacker
2026-07-24 13:12:17,642 WARNING [MEDIUM] T1021: Remote exec into default/attacker
2026-07-24 13:12:17,749 INFO Docker→UID map: 81 entries
2026-07-24 13:12:18,258 INFO [LEARNED] exec container b659ba7f7fac... -> attacker
2026-07-24 13:12:18,271 INFO [QUEUED] default/attacker | /usr/bin/cat
[DEQUEUE-B] process_exec /usr/bin/cat pod=attacker
2026-07-24 13:12:18,272 INFO [QUEUED] kube-system/kube-proxy-2jd2m | /usr/sbin/iptables
[DEQUEUE-B] process_exec /usr/sbin/iptables pod=kube-proxy-2jd2m
2026-07-24 13:12:18,273 INFO [QUEUED] kube-system/kube-proxy-2jd2m | /usr/sbin/ip6tables
[DEQUEUE-B] process_exec /usr/sbin/ip6tables pod=kube-proxy-2jd2m
2026-07-24 13:12:18,275 INFO [QUEUED] kube-system/kube-proxy-x58jj | /usr/sbin/iptables
2026-07-24 13:12:18,277 INFO [QUEUED] kube-system/kube-proxy-x58jj | /usr/sbin/ip6tables
[DEQUEUE-B] process_exec /usr/sbin/iptables pod=kube-proxy-x58jj
[DEQUEUE-B] process_exec /usr/sbin/ip6tables pod=kube-proxy-x58jj
2026-07-24 13:12:20,779 INFO Docker→UID map: 81 entries
2026-07-24 13:12:23,242 INFO Processed 31000 events
2026-07-24 13:12:23,825 INFO Docker→UID map: 81 entries
2026-07-24 13:12:24,260 INFO [LEARNED] exec container b659ba7f7fac... -> attacker
2026-07-24 13:12:24,261 INFO [QUEUED] default/attacker | /usr/bin/cat
[DEQUEUE-B] process_exec /usr/bin/cat pod=attacker
2026-07-24 13:12:26,871 INFO Docker→UID map: 81 entries
2026-07-24 13:12:28,258 INFO [LEARNED] exec container b659ba7f7fac... -> attacker
2026-07-24 13:12:28,259 INFO [QUEUED] default/attacker | /usr/bin/cat
[DEQUEUE-B] process_exec /usr/bin/cat pod=attacker
2026-07-24 13:12:29,710 INFO Processed 31200 events
2026-07-24 13:12:29,900 INFO Docker→UID map: 81 entries
2026-07-24 13:12:32,974 INFO Docker→UID map: 81 entries
2026-07-24 13:12:37,021 INFO [LEARNED] exec container b659ba7f7fac... -> attacker
2026-07-24 13:12:37,055 INFO [QUEUED] default/attacker | /usr/bin/cat
[DEQUEUE-B] process_exec /usr/bin/cat pod=attacker
2026-07-24 13:12:38,479 INFO Processed 31400 events
2026-07-24 13:12:38,766 INFO Docker→UID map: 81 entries
2026-07-24 13:12:41,019 INFO [LEARNED] exec container b659ba7f7fac... -> attacker
2026-07-24 13:12:41,020 INFO [QUEUED] default/attacker | /usr/bin/cat
[DEQUEUE-B] process_exec /usr/bin/cat pod=attacker
2026-07-24 13:12:41,805 INFO Docker→UID map: 81 entries
2026-07-24 13:12:41,842 INFO 127.0.0.1 - - [24/Jul/2026 13:12:41] "GET /api/stats HTTP/1.1" 200 -
2026-07-24 13:12:41,878 INFO 127.0.0.1 - - [24/Jul/2026 13:12:41] "[33mGET /favicon.ico HTTP/1.1[0m" 404 -
2026-07-24 13:12:44,488 INFO Processed 31600 events
2026-07-24 13:12:44,845 INFO Docker→UID map: 81 entries
2026-07-24 13:12:45,020 INFO [QUEUED] kube-system/kube-proxy-qfgjg | /usr/sbin/iptables
2026-07-24 13:12:45,020 INFO [QUEUED] kube-system/kube-proxy-qfgjg | /usr/sbin/ip6tables
[DEQUEUE-B] process_exec /usr/sbin/iptables pod=kube-proxy-qfgjg
[DEQUEUE-B] process_exec /usr/sbin/ip6tables pod=kube-proxy-qfgjg
2026-07-24 13:12:47,020 INFO [LEARNED] exec container b659ba7f7fac... -> attacker
2026-07-24 13:12:47,021 INFO [QUEUED] default/attacker | /usr/bin/cat
[DEQUEUE-B] process_exec /usr/bin/cat pod=attacker
2026-07-24 13:12:47,888 INFO Docker→UID map: 81 entries
2026-07-24 13:12:49,020 INFO [LEARNED] exec container b659ba7f7fac... -> attacker
2026-07-24 13:12:49,021 INFO [QUEUED] default/attacker | /usr/bin/bash
[DEQUEUE-B] process_exec /usr/bin/bash pod=attacker
2026-07-24 13:12:49,022 INFO [QUEUED] default/attacker | /usr/bin/curl
2026-07-24 13:12:49,023 WARNING [MEDIUM] T1059: Shell in default/attacker (preceded by kubectl exec)
[DEQUEUE-B] process_exec /usr/bin/curl pod=attacker
2026-07-24 13:12:49,023 INFO [LEARNED] exec container b659ba7f7fac... -> attacker
2026-07-24 13:12:49,026 INFO [QUEUED] default/attacker | /usr/bin/bash
2026-07-24 13:12:49,027 INFO [QUEUED] default/attacker | /usr/bin/curl
[DEQUEUE-B] process_exec /usr/bin/bash pod=attacker
2026-07-24 13:12:49,027 INFO [QUEUED] kube-system/kindnet-j88vp | /usr/sbin/iptables
2026-07-24 13:12:49,029 INFO [LEARNED] exec container b659ba7f7fac... -> attacker
2026-07-24 13:12:49,028 WARNING [MEDIUM] T1059: Shell in default/attacker (preceded by kubectl exec)
[DEQUEUE-B] process_exec /usr/bin/curl pod=attacker
2026-07-24 13:12:49,029 INFO [QUEUED] default/attacker | /usr/bin/bash
[DEQUEUE-B] process_exec /usr/sbin/iptables pod=kindnet-j88vp
2026-07-24 13:12:49,031 INFO [QUEUED] default/attacker | /usr/bin/curl
[DEQUEUE-B] process_exec /usr/bin/bash pod=attacker
2026-07-24 13:12:49,033 INFO [QUEUED] kube-system/kindnet-j88vp | /usr/sbin/iptables
2026-07-24 13:12:49,034 WARNING [MEDIUM] T1059: Shell in default/attacker (preceded by kubectl exec)
[DEQUEUE-B] process_exec /usr/bin/curl pod=attacker
2026-07-24 13:12:49,035 INFO [QUEUED] kube-system/kindnet-j88vp | /usr/sbin/iptables
2026-07-24 13:12:49,037 INFO Processed 31800 events
[DEQUEUE-B] process_exec /usr/sbin/iptables pod=kindnet-j88vp
2026-07-24 13:12:49,037 INFO [QUEUED] kube-system/kindnet-j88vp | /usr/sbin/iptables
[DEQUEUE-B] process_exec /usr/sbin/iptables pod=kindnet-j88vp
2026-07-24 13:12:49,039 INFO [LEARNED] exec container b659ba7f7fac... -> attacker
[DEQUEUE-B] process_exec /usr/sbin/iptables pod=kindnet-j88vp
2026-07-24 13:12:49,040 INFO [QUEUED] default/attacker | /usr/bin/bash
2026-07-24 13:12:49,041 INFO [QUEUED] default/attacker | /usr/bin/curl
[DEQUEUE-B] process_exec /usr/bin/bash pod=attacker
2026-07-24 13:12:49,042 INFO [LEARNED] exec container b659ba7f7fac... -> attacker
2026-07-24 13:12:49,044 WARNING [MEDIUM] T1059: Shell in default/attacker (preceded by kubectl exec)
[DEQUEUE-B] process_exec /usr/bin/curl pod=attacker
2026-07-24 13:12:49,045 INFO [QUEUED] default/attacker | /usr/bin/bash
[DEQUEUE-B] process_exec /usr/bin/bash pod=attacker
2026-07-24 13:12:49,049 INFO [QUEUED] default/attacker | /usr/bin/curl
2026-07-24 13:12:49,052 WARNING [MEDIUM] T1059: Shell in default/attacker (preceded by kubectl exec)
[DEQUEUE-B] process_exec /usr/bin/curl pod=attacker
2026-07-24 13:12:49,053 INFO [QUEUED] default/attacker | /usr/bin/sleep
[DEQUEUE-B] process_exec /usr/bin/sleep pod=attacker
2026-07-24 13:12:50,946 INFO Docker→UID map: 81 entries
2026-07-24 13:12:51,020 INFO [QUEUED] kube-system/kube-proxy-2jd2m | /usr/sbin/iptables
[DEQUEUE-B] process_exec /usr/sbin/iptables pod=kube-proxy-2jd2m
2026-07-24 13:12:51,020 INFO [QUEUED] kube-system/kube-proxy-2jd2m | /usr/sbin/ip6tables
[DEQUEUE-B] process_exec /usr/sbin/ip6tables pod=kube-proxy-2jd2m
2026-07-24 13:12:51,022 INFO [QUEUED] kube-system/kube-proxy-x58jj | /usr/sbin/ip6tables
[DEQUEUE-B] process_exec /usr/sbin/ip6tables pod=kube-proxy-x58jj
2026-07-24 13:12:51,023 INFO [QUEUED] kube-system/kube-proxy-x58jj | /usr/sbin/iptables
[DEQUEUE-B] process_exec /usr/sbin/iptables pod=kube-proxy-x58jj
2026-07-24 13:12:53,020 INFO [LEARNED] exec container b659ba7f7fac... -> attacker
2026-07-24 13:12:53,021 INFO [QUEUED] default/attacker | /usr/bin/cat
[DEQUEUE-B] process_exec /usr/bin/cat pod=attacker
2026-07-24 13:12:53,021 INFO [QUEUED] kube-system/kindnet-fvfd4 | /usr/sbin/iptables
[DEQUEUE-B] process_exec /usr/sbin/iptables pod=kindnet-fvfd4
2026-07-24 13:12:53,022 INFO [QUEUED] kube-system/kindnet-fvfd4 | /usr/sbin/iptables
2026-07-24 13:12:53,024 INFO [QUEUED] kube-system/kindnet-fvfd4 | /usr/sbin/iptables
[DEQUEUE-B] process_exec /usr/sbin/iptables pod=kindnet-fvfd4
2026-07-24 13:12:53,024 INFO [QUEUED] kube-system/kindnet-fvfd4 | /usr/sbin/iptables
2026-07-24 13:12:53,025 INFO [QUEUED] kube-system/kindnet-qgrsr | /usr/sbin/iptables
[DEQUEUE-B] process_exec /usr/sbin/iptables pod=kindnet-fvfd4
2026-07-24 13:12:53,026 INFO [QUEUED] kube-system/kindnet-qgrsr | /usr/sbin/iptables
[DEQUEUE-B] process_exec /usr/sbin/iptables pod=kindnet-fvfd42026-07-24 13:12:53,027 INFO [QUEUED] kube-system/kindnet-qgrsr | /usr/sbin/iptables
2026-07-24 13:12:53,028 INFO [QUEUED] kube-system/kindnet-qgrsr | /usr/sbin/iptables

[DEQUEUE-B] process_exec /usr/sbin/iptables pod=kindnet-qgrsr
[DEQUEUE-B] process_exec /usr/sbin/iptables pod=kindnet-qgrsr
[DEQUEUE-B] process_exec /usr/sbin/iptables pod=kindnet-qgrsr
[DEQUEUE-B] process_exec /usr/sbin/iptables pod=kindnet-qgrsr
2026-07-24 13:12:53,963 INFO Processed 32000 events
2026-07-24 13:12:54,002 INFO Docker→UID map: 81 entries
2026-07-24 13:12:57,023 INFO [LEARNED] exec container b659ba7f7fac... -> attacker
2026-07-24 13:12:57,032 INFO [QUEUED] default/attacker | /usr/bin/cat
[DEQUEUE-B] process_exec /usr/bin/cat pod=attacker
2026-07-24 13:12:57,047 INFO Docker→UID map: 81 entries
2026-07-24 13:13:00,083 INFO Docker→UID map: 81 entries
2026-07-24 13:13:00,664 INFO Processed 32200 events
2026-07-24 13:13:03,020 INFO [LEARNED] exec container b659ba7f7fac... -> attacker
2026-07-24 13:13:03,020 INFO [QUEUED] default/attacker | /usr/bin/cat
[DEQUEUE-B] process_exec /usr/bin/cat pod=attacker
2026-07-24 13:13:03,126 INFO Docker→UID map: 81 entries
2026-07-24 13:13:06,163 INFO Docker→UID map: 81 entries
2026-07-24 13:13:10,270 INFO Processed 32400 events
2026-07-24 13:13:11,692 INFO [LEARNED] exec container b659ba7f7fac... -> attacker
2026-07-24 13:13:11,692 INFO [QUEUED] default/attacker | /usr/bin/cat
[DEQUEUE-B] process_exec /usr/bin/cat pod=attacker
2026-07-24 13:13:11,873 INFO Docker→UID map: 81 entries
2026-07-24 13:13:14,904 INFO Docker→UID map: 81 entries
2026-07-24 13:13:15,691 INFO [LEARNED] exec container b659ba7f7fac... -> attacker
2026-07-24 13:13:15,691 INFO [QUEUED] default/attacker | /usr/bin/cat
[DEQUEUE-B] process_exec /usr/bin/cat pod=attacker
2026-07-24 13:13:17,201 INFO Processed 32600 events
2026-07-24 13:13:17,691 INFO [QUEUED] kube-system/kube-proxy-qfgjg | /usr/sbin/iptables
[DEQUEUE-B] process_exec /usr/sbin/iptables pod=kube-proxy-qfgjg
2026-07-24 13:13:17,692 INFO [QUEUED] kube-system/kube-proxy-qfgjg | /usr/sbin/ip6tables
[DEQUEUE-B] process_exec /usr/sbin/ip6tables pod=kube-proxy-qfgjg
2026-07-24 13:13:17,938 INFO Docker→UID map: 81 entries
2026-07-24 13:13:20,969 INFO Docker→UID map: 81 entries
2026-07-24 13:13:21,692 INFO [LEARNED] exec container b659ba7f7fac... -> attacker
2026-07-24 13:13:21,692 INFO [QUEUED] default/attacker | /usr/bin/cat
[DEQUEUE-B] process_exec /usr/bin/cat pod=attacker
2026-07-24 13:13:21,693 INFO [QUEUED] default/attacker | /usr/bin/sleep
[DEQUEUE-B] process_exec /usr/bin/sleep pod=attacker
2026-07-24 13:13:23,217 INFO Processed 32800 events
2026-07-24 13:13:23,691 INFO [QUEUED] kube-system/kube-proxy-2jd2m | /usr/sbin/iptables
[DEQUEUE-B] process_exec /usr/sbin/iptables pod=kube-proxy-2jd2m2026-07-24 13:13:23,692 INFO [QUEUED] kube-system/kube-proxy-2jd2m | /usr/sbin/ip6tables

2026-07-24 13:13:23,692 INFO [QUEUED] kube-system/kube-proxy-x58jj | /usr/sbin/ip6tables
2026-07-24 13:13:23,693 INFO [QUEUED] kube-system/kube-proxy-x58jj | /usr/sbin/iptables
[DEQUEUE-B] process_exec /usr/sbin/ip6tables pod=kube-proxy-2jd2m
[DEQUEUE-B] process_exec /usr/sbin/ip6tables pod=kube-proxy-x58jj
[DEQUEUE-B] process_exec /usr/sbin/iptables pod=kube-proxy-x58jj
2026-07-24 13:13:24,004 INFO Docker→UID map: 81 entries
2026-07-24 13:13:27,045 INFO Docker→UID map: 81 entries
2026-07-24 13:13:27,693 INFO [LEARNED] exec container b659ba7f7fac... -> attacker
2026-07-24 13:13:27,697 INFO [QUEUED] default/attacker | /usr/bin/cat
[DEQUEUE-B] process_exec /usr/bin/cat pod=attacker
2026-07-24 13:13:29,217 INFO Processed 33000 events
2026-07-24 13:13:30,100 INFO Docker→UID map: 81 entries
2026-07-24 13:13:31,691 INFO [LEARNED] exec container b659ba7f7fac... -> attacker
2026-07-24 13:13:31,695 INFO [QUEUED] default/attacker | /usr/bin/cat
[DEQUEUE-B] process_exec /usr/bin/cat pod=attacker
2026-07-24 13:13:33,132 INFO Docker→UID map: 81 entries
2026-07-24 13:13:35,223 INFO Processed 33200 events
2026-07-24 13:13:36,166 INFO Docker→UID map: 81 entries
2026-07-24 13:13:37,691 INFO [LEARNED] exec container b659ba7f7fac... -> attacker
2026-07-24 13:13:37,692 INFO [QUEUED] default/attacker | /usr/bin/cat
[DEQUEUE-B] process_exec /usr/bin/cat pod=attacker
2026-07-24 13:13:39,217 INFO Docker→UID map: 81 entries
2026-07-24 13:13:44,904 INFO Processed 33400 events
2026-07-24 13:13:45,101 INFO Docker→UID map: 81 entries
2026-07-24 13:13:46,543 INFO [LEARNED] exec container b659ba7f7fac... -> attacker
2026-07-24 13:13:46,549 INFO [QUEUED] default/attacker | /usr/bin/cat
[DEQUEUE-B] process_exec /usr/bin/cat pod=attacker
2026-07-24 13:13:48,146 INFO Docker→UID map: 81 entries
2026-07-24 13:13:50,542 INFO [QUEUED] kube-system/kube-proxy-qfgjg | /usr/sbin/iptables
[DEQUEUE-B] process_exec /usr/sbin/iptables pod=kube-proxy-qfgjg
2026-07-24 13:13:50,543 INFO [QUEUED] kube-system/kube-proxy-qfgjg | /usr/sbin/ip6tables
2026-07-24 13:13:50,544 INFO [LEARNED] exec container b659ba7f7fac... -> attacker
[DEQUEUE-B] process_exec /usr/sbin/ip6tables pod=kube-proxy-qfgjg2026-07-24 13:13:50,544 INFO [QUEUED] default/attacker | /usr/bin/cat

[DEQUEUE-B] process_exec /usr/bin/cat pod=attacker
2026-07-24 13:13:51,159 INFO Processed 33600 events
2026-07-24 13:13:51,179 INFO Docker→UID map: 81 entries
2026-07-24 13:13:54,224 INFO Docker→UID map: 81 entries
2026-07-24 13:13:54,544 INFO [QUEUED] kube-system/kindnet-j88vp | /usr/sbin/iptables
[DEQUEUE-B] process_exec /usr/sbin/iptables pod=kindnet-j88vp
2026-07-24 13:13:54,548 INFO [QUEUED] kube-system/kindnet-j88vp | /usr/sbin/iptables
[DEQUEUE-B] process_exec /usr/sbin/iptables pod=kindnet-j88vp
2026-07-24 13:13:54,550 INFO [QUEUED] kube-system/kindnet-j88vp | /usr/sbin/iptables
[DEQUEUE-B] process_exec /usr/sbin/iptables pod=kindnet-j88vp2026-07-24 13:13:54,551 INFO [QUEUED] kube-system/kindnet-j88vp | /usr/sbin/iptables

2026-07-24 13:13:54,552 INFO [QUEUED] default/attacker | /usr/bin/sleep
[DEQUEUE-B] process_exec /usr/sbin/iptables pod=kindnet-j88vp
[DEQUEUE-B] process_exec /usr/bin/sleep pod=attacker
2026-07-24 13:13:56,543 INFO [LEARNED] exec container b659ba7f7fac... -> attacker
2026-07-24 13:13:56,543 INFO [QUEUED] default/attacker | /usr/bin/cat
[DEQUEUE-B] process_exec /usr/bin/cat pod=attacker
2026-07-24 13:13:56,545 INFO [QUEUED] kube-system/kube-proxy-2jd2m | /usr/sbin/iptables
2026-07-24 13:13:56,546 INFO [QUEUED] kube-system/kube-proxy-2jd2m | /usr/sbin/ip6tables
[DEQUEUE-B] process_exec /usr/sbin/iptables pod=kube-proxy-2jd2m2026-07-24 13:13:56,547 INFO [QUEUED] kube-system/kube-proxy-x58jj | /usr/sbin/ip6tables

2026-07-24 13:13:56,548 INFO [QUEUED] kube-system/kube-proxy-x58jj | /usr/sbin/iptables
[DEQUEUE-B] process_exec /usr/sbin/ip6tables pod=kube-proxy-2jd2m
[DEQUEUE-B] process_exec /usr/sbin/ip6tables pod=kube-proxy-x58jj
[DEQUEUE-B] process_exec /usr/sbin/iptables pod=kube-proxy-x58jj
2026-07-24 13:13:57,255 INFO Docker→UID map: 81 entries
2026-07-24 13:13:58,184 INFO Processed 33800 events
2026-07-24 13:13:58,542 INFO [QUEUED] kube-system/kindnet-qgrsr | /usr/sbin/iptables
[DEQUEUE-B] process_exec /usr/sbin/iptables pod=kindnet-qgrsr
2026-07-24 13:14:00,305 INFO Docker→UID map: 81 entries
2026-07-24 13:14:00,543 INFO [QUEUED] kube-system/kindnet-qgrsr | /usr/sbin/iptables
[DEQUEUE-B] process_exec /usr/sbin/iptables pod=kindnet-qgrsr
2026-07-24 13:14:00,544 INFO [QUEUED] kube-system/kindnet-qgrsr | /usr/sbin/iptables
[DEQUEUE-B] process_exec /usr/sbin/iptables pod=kindnet-qgrsr
2026-07-24 13:14:00,546 INFO [QUEUED] kube-system/kindnet-qgrsr | /usr/sbin/iptables
2026-07-24 13:14:00,547 INFO [QUEUED] kube-system/kindnet-fvfd4 | /usr/sbin/iptables
[DEQUEUE-B] process_exec /usr/sbin/iptables pod=kindnet-qgrsr
2026-07-24 13:14:00,548 INFO [QUEUED] kube-system/kindnet-fvfd4 | /usr/sbin/iptables
[DEQUEUE-B] process_exec /usr/sbin/iptables pod=kindnet-fvfd42026-07-24 13:14:00,549 INFO [QUEUED] kube-system/kindnet-fvfd4 | /usr/sbin/iptables

2026-07-24 13:14:00,550 INFO [QUEUED] kube-system/kindnet-fvfd4 | /usr/sbin/iptables
[DEQUEUE-B] process_exec /usr/sbin/iptables pod=kindnet-fvfd4
[DEQUEUE-B] process_exec /usr/sbin/iptables pod=kindnet-fvfd4
[DEQUEUE-B] process_exec /usr/sbin/iptables pod=kindnet-fvfd4
2026-07-24 13:14:02,543 INFO [LEARNED] exec container b659ba7f7fac... -> attacker
2026-07-24 13:14:02,544 INFO [QUEUED] default/attacker | /usr/bin/cat
[DEQUEUE-B] process_exec /usr/bin/cat pod=attacker
2026-07-24 13:14:03,347 INFO Docker→UID map: 81 entries
2026-07-24 13:14:04,464 INFO Processed 34000 events
2026-07-24 13:14:06,422 INFO Docker→UID map: 81 entries
2026-07-24 13:14:06,542 INFO [LEARNED] exec container b659ba7f7fac... -> attacker
2026-07-24 13:14:06,543 INFO [QUEUED] default/attacker | /usr/bin/cat
[DEQUEUE-B] process_exec /usr/bin/cat pod=attacker
2026-07-24 13:14:09,458 INFO Docker→UID map: 81 entries
2026-07-24 13:14:11,043 INFO Processed 34200 events
2026-07-24 13:14:15,205 INFO Docker→UID map: 81 entries
2026-07-24 13:14:15,253 INFO [LEARNED] exec container b659ba7f7fac... -> attacker
2026-07-24 13:14:15,254 INFO [QUEUED] default/attacker | /usr/bin/cat
[DEQUEUE-B] process_exec /usr/bin/cat pod=attacker
2026-07-24 13:14:18,251 INFO Docker→UID map: 81 entries
2026-07-24 13:14:19,841 INFO Processed 34400 events
2026-07-24 13:14:21,258 INFO [LEARNED] exec container b659ba7f7fac... -> attacker
2026-07-24 13:14:21,259 INFO [QUEUED] default/attacker | /usr/bin/cat
[DEQUEUE-B] process_exec /usr/bin/cat pod=attacker
2026-07-24 13:14:21,293 INFO Docker→UID map: 81 entries
2026-07-24 13:14:23,253 INFO [QUEUED] kube-system/kube-proxy-qfgjg | /usr/sbin/iptables
[DEQUEUE-B] process_exec /usr/sbin/iptables pod=kube-proxy-qfgjg
2026-07-24 13:14:23,254 INFO [QUEUED] kube-system/kube-proxy-qfgjg | /usr/sbin/ip6tables
[DEQUEUE-B] process_exec /usr/sbin/ip6tables pod=kube-proxy-qfgjg
2026-07-24 13:14:24,337 INFO Docker→UID map: 81 entries
2026-07-24 13:14:25,253 INFO [LEARNED] exec container b659ba7f7fac... -> attacker
2026-07-24 13:14:25,254 INFO [QUEUED] default/attacker | /usr/bin/cat
[DEQUEUE-B] process_exec /usr/bin/cat pod=attacker
2026-07-24 13:14:25,847 INFO Processed 34600 events
2026-07-24 13:14:27,253 INFO [QUEUED] default/attacker | /usr/bin/sleep
[DEQUEUE-B] process_exec /usr/bin/sleep pod=attacker
2026-07-24 13:14:27,366 INFO Docker→UID map: 81 entries
2026-07-24 13:14:29,253 INFO [QUEUED] kube-system/kube-proxy-2jd2m | /usr/sbin/iptables
[DEQUEUE-B] process_exec /usr/sbin/iptables pod=kube-proxy-2jd2m
2026-07-24 13:14:29,253 INFO [QUEUED] kube-system/kube-proxy-2jd2m | /usr/sbin/ip6tables
2026-07-24 13:14:29,255 INFO [QUEUED] kube-system/kube-proxy-x58jj | /usr/sbin/ip6tables
[DEQUEUE-B] process_exec /usr/sbin/ip6tables pod=kube-proxy-2jd2m2026-07-24 13:14:29,255 INFO [QUEUED] kube-system/kube-proxy-x58jj | /usr/sbin/iptables

[DEQUEUE-B] process_exec /usr/sbin/ip6tables pod=kube-proxy-x58jj
[DEQUEUE-B] process_exec /usr/sbin/iptables pod=kube-proxy-x58jj
2026-07-24 13:14:30,402 INFO Docker→UID map: 81 entries
2026-07-24 13:14:31,253 INFO [LEARNED] exec container b659ba7f7fac... -> attacker
2026-07-24 13:14:31,254 INFO [QUEUED] default/attacker | /usr/bin/cat
[DEQUEUE-B] process_exec /usr/bin/cat pod=attacker
2026-07-24 13:14:33,173 INFO Processed 34800 events
2026-07-24 13:14:33,433 INFO Docker→UID map: 81 entries
2026-07-24 13:14:35,253 INFO [LEARNED] exec container b659ba7f7fac... -> attacker
2026-07-24 13:14:35,254 INFO [QUEUED] default/attacker | /usr/bin/cat
[DEQUEUE-B] process_exec /usr/bin/cat pod=attacker
2026-07-24 13:14:36,476 INFO Docker→UID map: 81 entries
2026-07-24 13:14:38,704 INFO Processed 35000 events
2026-07-24 13:14:39,541 INFO Docker→UID map: 81 entries
2026-07-24 13:14:41,253 INFO [LEARNED] exec container b659ba7f7fac... -> attacker
2026-07-24 13:14:41,253 INFO [QUEUED] default/attacker | /usr/bin/cat
[DEQUEUE-B] process_exec /usr/bin/cat pod=attacker
2026-07-24 13:14:42,577 INFO Docker→UID map: 81 entries
2026-07-24 13:14:48,184 INFO Processed 35200 events
2026-07-24 13:14:48,461 INFO Docker→UID map: 81 entries
2026-07-24 13:14:50,077 INFO [LEARNED] exec container b659ba7f7fac... -> attacker
2026-07-24 13:14:50,078 INFO [QUEUED] default/attacker | /usr/bin/cat
[DEQUEUE-B] process_exec /usr/bin/cat pod=attacker
2026-07-24 13:14:51,490 INFO Docker→UID map: 81 entries
2026-07-24 13:14:54,079 INFO [LEARNED] exec container b659ba7f7fac... -> attacker
2026-07-24 13:14:54,082 INFO [QUEUED] default/attacker | /usr/bin/cat
[DEQUEUE-B] process_exec /usr/bin/cat pod=attacker
2026-07-24 13:14:54,531 INFO Docker→UID map: 81 entries
2026-07-24 13:14:55,201 INFO Processed 35400 events
2026-07-24 13:14:56,078 INFO [QUEUED] kube-system/kube-proxy-qfgjg | /usr/sbin/ip6tables
[DEQUEUE-B] process_exec /usr/sbin/ip6tables pod=kube-proxy-qfgjg2026-07-24 13:14:56,083 INFO [QUEUED] kube-system/kube-proxy-qfgjg | /usr/sbin/iptables

[DEQUEUE-B] process_exec /usr/sbin/iptables pod=kube-proxy-qfgjg
2026-07-24 13:14:57,565 INFO Docker→UID map: 81 entries
2026-07-24 13:15:00,077 INFO [LEARNED] exec container b659ba7f7fac... -> attacker
2026-07-24 13:15:00,078 INFO [QUEUED] default/attacker | /usr/bin/cat
[DEQUEUE-B] process_exec /usr/bin/cat pod=attacker
2026-07-24 13:15:00,079 INFO [QUEUED] kube-system/kindnet-j88vp | /usr/sbin/iptables
[DEQUEUE-B] process_exec /usr/sbin/iptables pod=kindnet-j88vp
2026-07-24 13:15:00,080 INFO [QUEUED] kube-system/kindnet-j88vp | /usr/sbin/iptables
[DEQUEUE-B] process_exec /usr/sbin/iptables pod=kindnet-j88vp
2026-07-24 13:15:00,082 INFO [QUEUED] kube-system/kindnet-j88vp | /usr/sbin/iptables
[DEQUEUE-B] process_exec /usr/sbin/iptables pod=kindnet-j88vp
2026-07-24 13:15:00,083 INFO [QUEUED] kube-system/kindnet-j88vp | /usr/sbin/iptables
[DEQUEUE-B] process_exec /usr/sbin/iptables pod=kindnet-j88vp
2026-07-24 13:15:00,085 INFO [QUEUED] default/attacker | /usr/bin/sleep
[DEQUEUE-B] process_exec /usr/bin/sleep pod=attacker
2026-07-24 13:15:00,365 INFO Processed 35600 events
2026-07-24 13:15:00,607 INFO Docker→UID map: 81 entries
2026-07-24 13:15:02,078 INFO [QUEUED] kube-system/kube-proxy-2jd2m | /usr/sbin/iptables
[DEQUEUE-B] process_exec /usr/sbin/iptables pod=kube-proxy-2jd2m
2026-07-24 13:15:02,079 INFO [QUEUED] kube-system/kube-proxy-2jd2m | /usr/sbin/ip6tables
[DEQUEUE-B] process_exec /usr/sbin/ip6tables pod=kube-proxy-2jd2m
2026-07-24 13:15:02,082 INFO [QUEUED] kube-system/kube-proxy-x58jj | /usr/sbin/ip6tables
[DEQUEUE-B] process_exec /usr/sbin/ip6tables pod=kube-proxy-x58jj
2026-07-24 13:15:02,083 INFO [QUEUED] kube-system/kube-proxy-x58jj | /usr/sbin/iptables
[DEQUEUE-B] process_exec /usr/sbin/iptables pod=kube-proxy-x58jj
2026-07-24 13:15:03,642 INFO Docker→UID map: 81 entries
2026-07-24 13:15:06,077 INFO [QUEUED] kube-system/kindnet-qgrsr | /usr/sbin/iptables
[DEQUEUE-B] process_exec /usr/sbin/iptables pod=kindnet-qgrsr
2026-07-24 13:15:06,078 INFO [QUEUED] kube-system/kindnet-qgrsr | /usr/sbin/iptables
[DEQUEUE-B] process_exec /usr/sbin/iptables pod=kindnet-qgrsr
2026-07-24 13:15:06,080 INFO [QUEUED] kube-system/kindnet-qgrsr | /usr/sbin/iptables
[DEQUEUE-B] process_exec /usr/sbin/iptables pod=kindnet-qgrsr
2026-07-24 13:15:06,081 INFO [QUEUED] kube-system/kindnet-qgrsr | /usr/sbin/iptables
[DEQUEUE-B] process_exec /usr/sbin/iptables pod=kindnet-qgrsr
2026-07-24 13:15:06,085 INFO [QUEUED] kube-system/kindnet-fvfd4 | /usr/sbin/iptables
[DEQUEUE-B] process_exec /usr/sbin/iptables pod=kindnet-fvfd4
2026-07-24 13:15:06,087 INFO [QUEUED] kube-system/kindnet-fvfd4 | /usr/sbin/iptables
[DEQUEUE-B] process_exec /usr/sbin/iptables pod=kindnet-fvfd42026-07-24 13:15:06,088 INFO [QUEUED] kube-system/kindnet-fvfd4 | /usr/sbin/iptables

2026-07-24 13:15:06,089 INFO [QUEUED] kube-system/kindnet-fvfd4 | /usr/sbin/iptables
[DEQUEUE-B] process_exec /usr/sbin/iptables pod=kindnet-fvfd4
2026-07-24 13:15:06,090 INFO [LEARNED] exec container b659ba7f7fac... -> attacker
[DEQUEUE-B] process_exec /usr/sbin/iptables pod=kindnet-fvfd4
2026-07-24 13:15:06,092 INFO [QUEUED] default/attacker | /usr/bin/cat
[DEQUEUE-B] process_exec /usr/bin/cat pod=attacker
2026-07-24 13:15:06,672 INFO Docker→UID map: 81 entries
2026-07-24 13:15:07,180 INFO Processed 35800 events
2026-07-24 13:15:09,706 INFO Docker→UID map: 81 entries
2026-07-24 13:15:10,079 INFO [LEARNED] exec container b659ba7f7fac... -> attacker
2026-07-24 13:15:10,079 INFO [QUEUED] default/attacker | /usr/bin/cat
[DEQUEUE-B] process_exec /usr/bin/cat pod=attacker
2026-07-24 13:15:12,736 INFO Docker→UID map: 81 entries
2026-07-24 13:15:13,371 INFO Processed 36000 events
2026-07-24 13:15:15,779 INFO Docker→UID map: 81 entries
2026-07-24 13:15:16,076 INFO [LEARNED] exec container b659ba7f7fac... -> attacker
2026-07-24 13:15:16,077 INFO [QUEUED] default/attacker | /usr/bin/cat
[DEQUEUE-B] process_exec /usr/bin/cat pod=attacker
2026-07-24 13:15:21,553 INFO Docker→UID map: 81 entries
2026-07-24 13:15:22,402 INFO Processed 36200 events
2026-07-24 13:15:24,586 INFO Docker→UID map: 81 entries
2026-07-24 13:15:24,740 INFO [LEARNED] exec container b659ba7f7fac... -> attacker
2026-07-24 13:15:24,741 INFO [QUEUED] default/attacker | /usr/bin/cat
[DEQUEUE-B] process_exec /usr/bin/cat pod=attacker
2026-07-24 13:15:27,687 INFO Docker→UID map: 81 entries
2026-07-24 13:15:28,409 INFO Processed 36400 events
2026-07-24 13:15:28,742 INFO [LEARNED] exec container b659ba7f7fac... -> attacker
2026-07-24 13:15:28,743 INFO [QUEUED] kube-system/kube-proxy-qfgjg | /usr/sbin/ip6tables
[DEQUEUE-B] process_exec /usr/sbin/ip6tables pod=kube-proxy-qfgjg2026-07-24 13:15:28,744 INFO [QUEUED] kube-system/kube-proxy-qfgjg | /usr/sbin/iptables

2026-07-24 13:15:28,745 INFO [QUEUED] default/attacker | /usr/bin/cat
[DEQUEUE-B] process_exec /usr/sbin/iptables pod=kube-proxy-qfgjg
[DEQUEUE-B] process_exec /usr/bin/cat pod=attacker
2026-07-24 13:15:30,729 INFO Docker→UID map: 81 entries
2026-07-24 13:15:32,741 INFO [QUEUED] default/attacker | /usr/bin/sleep
[DEQUEUE-B] process_exec /usr/bin/sleep pod=attacker
2026-07-24 13:15:33,765 INFO Docker→UID map: 81 entries
2026-07-24 13:15:34,419 INFO Processed 36600 events
2026-07-24 13:15:34,740 INFO [LEARNED] exec container b659ba7f7fac... -> attacker
2026-07-24 13:15:34,741 INFO [QUEUED] default/attacker | /usr/bin/cat
[DEQUEUE-B] process_exec /usr/bin/cat pod=attacker
2026-07-24 13:15:34,741 INFO [QUEUED] kube-system/kube-proxy-2jd2m | /usr/sbin/iptables
[DEQUEUE-B] process_exec /usr/sbin/iptables pod=kube-proxy-2jd2m
2026-07-24 13:15:34,743 INFO [QUEUED] kube-system/kube-proxy-2jd2m | /usr/sbin/ip6tables
[DEQUEUE-B] process_exec /usr/sbin/ip6tables pod=kube-proxy-2jd2m2026-07-24 13:15:34,744 INFO [QUEUED] kube-system/kube-proxy-x58jj | /usr/sbin/ip6tables

[DEQUEUE-B] process_exec /usr/sbin/ip6tables pod=kube-proxy-x58jj2026-07-24 13:15:34,745 INFO [QUEUED] kube-system/kube-proxy-x58jj | /usr/sbin/iptables

[DEQUEUE-B] process_exec /usr/sbin/iptables pod=kube-proxy-x58jj
2026-07-24 13:15:36,807 INFO Docker→UID map: 81 entries
2026-07-24 13:15:39,902 INFO Docker→UID map: 81 entries
2026-07-24 13:15:40,741 INFO [LEARNED] exec container b659ba7f7fac... -> attacker
2026-07-24 13:15:40,743 INFO [QUEUED] default/attacker | /usr/bin/cat
[DEQUEUE-B] process_exec /usr/bin/cat pod=attacker
2026-07-24 13:15:40,839 INFO Processed 36800 events
2026-07-24 13:15:42,936 INFO Docker→UID map: 81 entries
2026-07-24 13:15:44,740 INFO [LEARNED] exec container b659ba7f7fac... -> attacker
2026-07-24 13:15:44,741 INFO [QUEUED] default/attacker | /usr/bin/cat
[DEQUEUE-B] process_exec /usr/bin/cat pod=attacker
2026-07-24 13:15:45,966 INFO Docker→UID map: 81 entries
2026-07-24 13:15:47,998 INFO Processed 37000 events
2026-07-24 13:15:48,995 INFO Docker→UID map: 81 entries
2026-07-24 13:15:53,632 INFO [LEARNED] exec container b659ba7f7fac... -> attacker
2026-07-24 13:15:53,633 INFO [QUEUED] default/attacker | /usr/bin/cat
[DEQUEUE-B] process_exec /usr/bin/cat pod=attacker
2026-07-24 13:15:54,924 INFO Docker→UID map: 81 entries
2026-07-24 13:15:56,294 INFO Processed 37200 events
2026-07-24 13:15:57,985 INFO Docker→UID map: 81 entries
2026-07-24 13:15:59,632 INFO [LEARNED] exec container b659ba7f7fac... -> attacker
2026-07-24 13:15:59,633 INFO [QUEUED] default/attacker | /usr/bin/cat
[DEQUEUE-B] process_exec /usr/bin/cat pod=attacker
2026-07-24 13:16:01,017 INFO Docker→UID map: 81 entries
2026-07-24 13:16:01,632 INFO [QUEUED] kube-system/kube-proxy-qfgjg | /usr/sbin/iptables
2026-07-24 13:16:01,633 INFO [QUEUED] kube-system/kube-proxy-qfgjg | /usr/sbin/ip6tables
[DEQUEUE-B] process_exec /usr/sbin/iptables pod=kube-proxy-qfgjg
[DEQUEUE-B] process_exec /usr/sbin/ip6tables pod=kube-proxy-qfgjg
2026-07-24 13:16:01,680 INFO Processed 37400 events
2026-07-24 13:16:03,632 INFO [LEARNED] exec container b659ba7f7fac... -> attacker
2026-07-24 13:16:03,633 INFO [QUEUED] default/attacker | /usr/bin/cat
[DEQUEUE-B] process_exec /usr/bin/cat pod=attacker
2026-07-24 13:16:04,058 INFO Docker→UID map: 81 entries
2026-07-24 13:16:05,635 INFO [QUEUED] kube-system/kindnet-j88vp | /usr/sbin/iptables
[DEQUEUE-B] process_exec /usr/sbin/iptables pod=kindnet-j88vp
2026-07-24 13:16:05,636 INFO [QUEUED] kube-system/kindnet-j88vp | /usr/sbin/iptables
[DEQUEUE-B] process_exec /usr/sbin/iptables pod=kindnet-j88vp
2026-07-24 13:16:05,639 INFO [QUEUED] kube-system/kindnet-j88vp | /usr/sbin/iptables
2026-07-24 13:16:05,641 INFO [QUEUED] kube-system/kindnet-j88vp | /usr/sbin/iptables
[DEQUEUE-B] process_exec /usr/sbin/iptables pod=kindnet-j88vp2026-07-24 13:16:05,641 INFO [QUEUED] default/attacker | /usr/bin/sleep

[DEQUEUE-B] process_exec /usr/sbin/iptables pod=kindnet-j88vp
[DEQUEUE-B] process_exec /usr/bin/sleep pod=attacker
2026-07-24 13:16:07,090 INFO Docker→UID map: 81 entries
2026-07-24 13:16:07,631 INFO [QUEUED] kube-system/kube-proxy-2jd2m | /usr/sbin/iptables
[DEQUEUE-B] process_exec /usr/sbin/iptables pod=kube-proxy-2jd2m
2026-07-24 13:16:07,632 INFO [QUEUED] kube-system/kube-proxy-2jd2m | /usr/sbin/ip6tables
[DEQUEUE-B] process_exec /usr/sbin/ip6tables pod=kube-proxy-2jd2m
2026-07-24 13:16:07,633 INFO [QUEUED] kube-system/kube-proxy-x58jj | /usr/sbin/ip6tables
[DEQUEUE-B] process_exec /usr/sbin/ip6tables pod=kube-proxy-x58jj
2026-07-24 13:16:07,634 INFO [QUEUED] kube-system/kube-proxy-x58jj | /usr/sbin/iptables
[DEQUEUE-B] process_exec /usr/sbin/iptables pod=kube-proxy-x58jj
2026-07-24 13:16:09,632 INFO [LEARNED] exec container b659ba7f7fac... -> attacker
2026-07-24 13:16:09,633 INFO [QUEUED] default/attacker | /usr/bin/cat
[DEQUEUE-B] process_exec /usr/bin/cat pod=attacker
2026-07-24 13:16:10,128 INFO Docker→UID map: 81 entries
2026-07-24 13:16:10,239 INFO Processed 37600 events
2026-07-24 13:16:11,632 INFO [QUEUED] kube-system/kindnet-qgrsr | /usr/sbin/iptables
[DEQUEUE-B] process_exec /usr/sbin/iptables pod=kindnet-qgrsr
2026-07-24 13:16:11,633 INFO [QUEUED] kube-system/kindnet-qgrsr | /usr/sbin/iptables
[DEQUEUE-B] process_exec /usr/sbin/iptables pod=kindnet-qgrsr
2026-07-24 13:16:11,634 INFO [QUEUED] kube-system/kindnet-qgrsr | /usr/sbin/iptables
[DEQUEUE-B] process_exec /usr/sbin/iptables pod=kindnet-qgrsr
2026-07-24 13:16:11,634 INFO [QUEUED] kube-system/kindnet-qgrsr | /usr/sbin/iptables
[DEQUEUE-B] process_exec /usr/sbin/iptables pod=kindnet-qgrsr
2026-07-24 13:16:11,635 INFO [QUEUED] kube-system/kindnet-fvfd4 | /usr/sbin/iptables
[DEQUEUE-B] process_exec /usr/sbin/iptables pod=kindnet-fvfd4
2026-07-24 13:16:11,636 INFO [QUEUED] kube-system/kindnet-fvfd4 | /usr/sbin/iptables
[DEQUEUE-B] process_exec /usr/sbin/iptables pod=kindnet-fvfd4
2026-07-24 13:16:11,636 INFO [QUEUED] kube-system/kindnet-fvfd4 | /usr/sbin/iptables
[DEQUEUE-B] process_exec /usr/sbin/iptables pod=kindnet-fvfd4
2026-07-24 13:16:11,637 INFO [QUEUED] kube-system/kindnet-fvfd4 | /usr/sbin/iptables
[DEQUEUE-B] process_exec /usr/sbin/iptables pod=kindnet-fvfd4
2026-07-24 13:16:13,178 INFO Docker→UID map: 81 entries
2026-07-24 13:16:13,633 INFO [LEARNED] exec container b659ba7f7fac... -> attacker
2026-07-24 13:16:15,632 INFO [QUEUED] default/attacker | /usr/bin/cat
[DEQUEUE-B] process_exec /usr/bin/cat pod=attacker
2026-07-24 13:16:16,190 INFO Processed 37800 events
2026-07-24 13:16:16,255 INFO Docker→UID map: 81 entries
2026-07-24 13:16:19,288 INFO Docker→UID map: 81 entries
2026-07-24 13:16:19,632 INFO [LEARNED] exec container b659ba7f7fac... -> attacker
2026-07-24 13:16:19,633 INFO [QUEUED] default/attacker | /usr/bin/cat
[DEQUEUE-B] process_exec /usr/bin/cat pod=attacker
2026-07-24 13:16:22,323 INFO Docker→UID map: 81 entries
2026-07-24 13:16:22,368 INFO Processed 38000 events
2026-07-24 13:16:28,033 INFO Docker→UID map: 81 entries
2026-07-24 13:16:28,309 INFO [LEARNED] exec container b659ba7f7fac... -> attacker
2026-07-24 13:16:28,310 INFO [QUEUED] default/attacker | /usr/bin/cat
[DEQUEUE-B] process_exec /usr/bin/cat pod=attacker
2026-07-24 13:16:31,059 INFO Processed 38200 events
2026-07-24 13:16:31,068 INFO Docker→UID map: 81 entries
2026-07-24 13:16:32,309 INFO [LEARNED] exec container b659ba7f7fac... -> attacker
2026-07-24 13:16:32,310 INFO [QUEUED] default/attacker | /usr/bin/cat
[DEQUEUE-B] process_exec /usr/bin/cat pod=attacker
2026-07-24 13:16:34,098 INFO Docker→UID map: 81 entries
2026-07-24 13:16:34,309 INFO [QUEUED] kube-system/kube-proxy-qfgjg | /usr/sbin/iptables
[DEQUEUE-B] process_exec /usr/sbin/iptables pod=kube-proxy-qfgjg
2026-07-24 13:16:34,310 INFO [QUEUED] kube-system/kube-proxy-qfgjg | /usr/sbin/ip6tables
[DEQUEUE-B] process_exec /usr/sbin/ip6tables pod=kube-proxy-qfgjg
2026-07-24 13:16:37,107 INFO Processed 38400 events
2026-07-24 13:16:37,134 INFO Docker→UID map: 81 entries
2026-07-24 13:16:38,308 INFO [LEARNED] exec container b659ba7f7fac... -> attacker
2026-07-24 13:16:38,310 INFO [QUEUED] default/attacker | /usr/bin/cat
[DEQUEUE-B] process_exec /usr/bin/cat pod=attacker
2026-07-24 13:16:38,311 INFO [QUEUED] default/attacker | /usr/bin/sleep
[DEQUEUE-B] process_exec /usr/bin/sleep pod=attacker
2026-07-24 13:16:40,166 INFO Docker→UID map: 81 entries
2026-07-24 13:16:40,309 INFO [QUEUED] kube-system/kube-proxy-2jd2m | /usr/sbin/iptables
[DEQUEUE-B] process_exec /usr/sbin/iptables pod=kube-proxy-2jd2m
2026-07-24 13:16:40,309 INFO [QUEUED] kube-system/kube-proxy-2jd2m | /usr/sbin/ip6tables
[DEQUEUE-B] process_exec /usr/sbin/ip6tables pod=kube-proxy-2jd2m2026-07-24 13:16:40,311 INFO [QUEUED] kube-system/kube-proxy-x58jj | /usr/sbin/ip6tables
2026-07-24 13:16:40,314 INFO [QUEUED] kube-system/kube-proxy-x58jj | /usr/sbin/iptables

[DEQUEUE-B] process_exec /usr/sbin/ip6tables pod=kube-proxy-x58jj
[DEQUEUE-B] process_exec /usr/sbin/iptables pod=kube-proxy-x58jj
2026-07-24 13:16:43,199 INFO Docker→UID map: 81 entries
2026-07-24 13:16:44,189 INFO Processed 38600 events
2026-07-24 13:16:44,308 INFO [LEARNED] exec container b659ba7f7fac... -> attacker
2026-07-24 13:16:44,309 INFO [QUEUED] default/attacker | /usr/bin/cat
[DEQUEUE-B] process_exec /usr/bin/cat pod=attacker
2026-07-24 13:16:46,240 INFO Docker→UID map: 81 entries
2026-07-24 13:16:48,309 INFO [LEARNED] exec container b659ba7f7fac... -> attacker
2026-07-24 13:16:48,310 INFO [QUEUED] default/attacker | /usr/bin/cat
[DEQUEUE-B] process_exec /usr/bin/cat pod=attacker
2026-07-24 13:16:49,271 INFO Docker→UID map: 81 entries
2026-07-24 13:16:50,077 INFO Processed 38800 events
2026-07-24 13:16:52,308 INFO Docker→UID map: 81 entries
2026-07-24 13:16:54,309 INFO [LEARNED] exec container b659ba7f7fac... -> attacker
2026-07-24 13:16:54,310 INFO [QUEUED] default/attacker | /usr/bin/cat
[DEQUEUE-B] process_exec /usr/bin/cat pod=attacker
2026-07-24 13:16:55,335 INFO Docker→UID map: 81 entries
2026-07-24 13:17:00,078 INFO Processed 39000 events
2026-07-24 13:17:01,155 INFO Docker→UID map: 81 entries
2026-07-24 13:17:03,097 INFO [LEARNED] exec container b659ba7f7fac... -> attacker
2026-07-24 13:17:03,098 INFO [QUEUED] default/attacker | /usr/bin/cat
[DEQUEUE-B] process_exec /usr/bin/cat pod=attacker
2026-07-24 13:17:04,189 INFO Docker→UID map: 81 entries
2026-07-24 13:17:06,191 INFO Processed 39200 events
2026-07-24 13:17:07,098 INFO [QUEUED] kube-system/kube-proxy-qfgjg | /usr/sbin/iptables
[DEQUEUE-B] process_exec /usr/sbin/iptables pod=kube-proxy-qfgjg
2026-07-24 13:17:07,099 INFO [QUEUED] kube-system/kube-proxy-qfgjg | /usr/sbin/ip6tables
[DEQUEUE-B] process_exec /usr/sbin/ip6tables pod=kube-proxy-qfgjg
2026-07-24 13:17:07,100 INFO [LEARNED] exec container b659ba7f7fac... -> attacker
2026-07-24 13:17:07,101 INFO [QUEUED] default/attacker | /usr/bin/cat
[DEQUEUE-B] process_exec /usr/bin/cat pod=attacker
2026-07-24 13:17:07,219 INFO Docker→UID map: 81 entries
2026-07-24 13:17:10,264 INFO Docker→UID map: 81 entries
2026-07-24 13:17:11,098 INFO [QUEUED] kube-system/kindnet-j88vp | /usr/sbin/iptables
[DEQUEUE-B] process_exec /usr/sbin/iptables pod=kindnet-j88vp
2026-07-24 13:17:11,098 INFO [QUEUED] kube-system/kindnet-j88vp | /usr/sbin/iptables
[DEQUEUE-B] process_exec /usr/sbin/iptables pod=kindnet-j88vp
2026-07-24 13:17:11,100 INFO [QUEUED] kube-system/kindnet-j88vp | /usr/sbin/iptables
[DEQUEUE-B] process_exec /usr/sbin/iptables pod=kindnet-j88vp
2026-07-24 13:17:11,101 INFO [QUEUED] kube-system/kindnet-j88vp | /usr/sbin/iptables
[DEQUEUE-B] process_exec /usr/sbin/iptables pod=kindnet-j88vp2026-07-24 13:17:11,102 INFO [QUEUED] default/attacker | /usr/bin/sleep

[DEQUEUE-B] process_exec /usr/bin/sleep pod=attacker
2026-07-24 13:17:12,888 INFO Processed 39400 events
2026-07-24 13:17:13,097 INFO [LEARNED] exec container b659ba7f7fac... -> attacker
2026-07-24 13:17:13,098 INFO [QUEUED] default/attacker | /usr/bin/cat
[DEQUEUE-B] process_exec /usr/bin/cat pod=attacker2026-07-24 13:17:13,099 INFO [QUEUED] kube-system/kube-proxy-2jd2m | /usr/sbin/iptables

2026-07-24 13:17:13,100 INFO [QUEUED] kube-system/kube-proxy-2jd2m | /usr/sbin/ip6tables
[DEQUEUE-B] process_exec /usr/sbin/iptables pod=kube-proxy-2jd2m
2026-07-24 13:17:13,101 INFO [QUEUED] kube-system/kube-proxy-x58jj | /usr/sbin/ip6tables
[DEQUEUE-B] process_exec /usr/sbin/ip6tables pod=kube-proxy-2jd2m
2026-07-24 13:17:13,102 INFO [QUEUED] kube-system/kube-proxy-x58jj | /usr/sbin/iptables
[DEQUEUE-B] process_exec /usr/sbin/ip6tables pod=kube-proxy-x58jj
[DEQUEUE-B] process_exec /usr/sbin/iptables pod=kube-proxy-x58jj
2026-07-24 13:17:13,351 INFO Docker→UID map: 81 entries
2026-07-24 13:17:16,395 INFO Docker→UID map: 81 entries
2026-07-24 13:17:17,098 INFO [QUEUED] kube-system/kindnet-qgrsr | /usr/sbin/iptables
2026-07-24 13:17:17,099 INFO [QUEUED] kube-system/kindnet-qgrsr | /usr/sbin/iptables
[DEQUEUE-B] process_exec /usr/sbin/iptables pod=kindnet-qgrsr
2026-07-24 13:17:17,100 INFO [QUEUED] kube-system/kindnet-qgrsr | /usr/sbin/iptables
[DEQUEUE-B] process_exec /usr/sbin/iptables pod=kindnet-qgrsr
2026-07-24 13:17:17,102 INFO [QUEUED] kube-system/kindnet-qgrsr | /usr/sbin/iptables
[DEQUEUE-B] process_exec /usr/sbin/iptables pod=kindnet-qgrsr
2026-07-24 13:17:17,104 INFO [QUEUED] kube-system/kindnet-fvfd4 | /usr/sbin/iptables
[DEQUEUE-B] process_exec /usr/sbin/iptables pod=kindnet-qgrsr
2026-07-24 13:17:17,105 INFO [QUEUED] kube-system/kindnet-fvfd4 | /usr/sbin/iptables
[DEQUEUE-B] process_exec /usr/sbin/iptables pod=kindnet-fvfd4
2026-07-24 13:17:17,107 INFO [QUEUED] kube-system/kindnet-fvfd4 | /usr/sbin/iptables
[DEQUEUE-B] process_exec /usr/sbin/iptables pod=kindnet-fvfd4
2026-07-24 13:17:17,109 INFO [QUEUED] kube-system/kindnet-fvfd4 | /usr/sbin/iptables
[DEQUEUE-B] process_exec /usr/sbin/iptables pod=kindnet-fvfd4
[DEQUEUE-B] process_exec /usr/sbin/iptables pod=kindnet-fvfd4
2026-07-24 13:17:19,098 INFO [LEARNED] exec container b659ba7f7fac... -> attacker
2026-07-24 13:17:19,098 INFO Processed 39600 events
2026-07-24 13:17:19,098 INFO [QUEUED] default/attacker | /usr/bin/cat
[DEQUEUE-B] process_exec /usr/bin/cat pod=attacker
2026-07-24 13:17:19,426 INFO Docker→UID map: 81 entries
2026-07-24 13:17:22,456 INFO Docker→UID map: 81 entries
2026-07-24 13:17:23,097 INFO [LEARNED] exec container b659ba7f7fac... -> attacker
2026-07-24 13:17:23,101 INFO [QUEUED] default/attacker | /usr/bin/cat
[DEQUEUE-B] process_exec /usr/bin/cat pod=attacker
2026-07-24 13:17:24,912 INFO Processed 39800 events
2026-07-24 13:17:25,487 INFO Docker→UID map: 81 entries
2026-07-24 13:17:28,523 INFO Docker→UID map: 81 entries
2026-07-24 13:17:31,855 INFO [LEARNED] exec container b659ba7f7fac... -> attacker
2026-07-24 13:17:31,856 INFO [QUEUED] default/attacker | /usr/bin/cat
[DEQUEUE-B] process_exec /usr/bin/cat pod=attacker
2026-07-24 13:17:34,315 INFO Docker→UID map: 81 entries
2026-07-24 13:17:34,595 INFO Processed 40000 events
2026-07-24 13:17:37,349 INFO Docker→UID map: 81 entries
2026-07-24 13:17:37,855 INFO [LEARNED] exec container b659ba7f7fac... -> attacker
2026-07-24 13:17:37,855 INFO [QUEUED] default/attacker | /usr/bin/cat
[DEQUEUE-B] process_exec /usr/bin/cat pod=attacker
2026-07-24 13:17:39,855 INFO [QUEUED] kube-system/kube-proxy-qfgjg | /usr/sbin/iptables
[DEQUEUE-B] process_exec /usr/sbin/iptables pod=kube-proxy-qfgjg2026-07-24 13:17:39,881 INFO [QUEUED] kube-system/kube-proxy-qfgjg | /usr/sbin/ip6tables

[DEQUEUE-B] process_exec /usr/sbin/ip6tables pod=kube-proxy-qfgjg
2026-07-24 13:17:40,357 INFO Processed 40200 events
2026-07-24 13:17:40,381 INFO Docker→UID map: 81 entries
2026-07-24 13:17:41,855 INFO [LEARNED] exec container b659ba7f7fac... -> attacker
2026-07-24 13:17:41,857 INFO [QUEUED] default/attacker | /usr/bin/cat
[DEQUEUE-B] process_exec /usr/bin/cat pod=attacker
2026-07-24 13:17:43,410 INFO Docker→UID map: 81 entries
2026-07-24 13:17:43,856 INFO [QUEUED] default/attacker | /usr/bin/sleep
[DEQUEUE-B] process_exec /usr/bin/sleep pod=attacker
2026-07-24 13:17:45,856 INFO [QUEUED] kube-system/kube-proxy-2jd2m | /usr/sbin/iptables
2026-07-24 13:17:45,857 INFO [QUEUED] kube-system/kube-proxy-2jd2m | /usr/sbin/ip6tables
[DEQUEUE-B] process_exec /usr/sbin/iptables pod=kube-proxy-2jd2m
2026-07-24 13:17:45,857 INFO [QUEUED] kube-system/kube-proxy-x58jj | /usr/sbin/ip6tables
[DEQUEUE-B] process_exec /usr/sbin/ip6tables pod=kube-proxy-2jd2m
2026-07-24 13:17:45,864 INFO [QUEUED] kube-system/kube-proxy-x58jj | /usr/sbin/iptables
[DEQUEUE-B] process_exec /usr/sbin/ip6tables pod=kube-proxy-x58jj
[DEQUEUE-B] process_exec /usr/sbin/iptables pod=kube-proxy-x58jj
2026-07-24 13:17:46,439 INFO Docker→UID map: 81 entries
2026-07-24 13:17:46,871 INFO Processed 40400 events
2026-07-24 13:17:47,855 INFO [LEARNED] exec container b659ba7f7fac... -> attacker
2026-07-24 13:17:47,856 INFO [QUEUED] default/attacker | /usr/bin/cat
[DEQUEUE-B] process_exec /usr/bin/cat pod=attacker
2026-07-24 13:17:49,470 INFO Docker→UID map: 81 entries
2026-07-24 13:17:52,503 INFO Docker→UID map: 81 entries
2026-07-24 13:17:53,420 INFO Processed 40600 events
2026-07-24 13:17:53,856 INFO [LEARNED] exec container b659ba7f7fac... -> attacker
2026-07-24 13:17:53,857 INFO [QUEUED] default/attacker | /usr/bin/cat
[DEQUEUE-B] process_exec /usr/bin/cat pod=attacker
2026-07-24 13:17:55,537 INFO Docker→UID map: 81 entries
2026-07-24 13:17:57,855 INFO [LEARNED] exec container b659ba7f7fac... -> attacker
2026-07-24 13:17:57,857 INFO [QUEUED] default/attacker | /usr/bin/cat
[DEQUEUE-B] process_exec /usr/bin/cat pod=attacker
2026-07-24 13:17:58,579 INFO Docker→UID map: 81 entries
2026-07-24 13:18:00,715 INFO Processed 40800 events
2026-07-24 13:18:02,719 INFO Docker→UID map: 81 entries
2026-07-24 13:18:06,686 INFO [LEARNED] exec container b659ba7f7fac... -> attacker
2026-07-24 13:18:06,687 INFO [QUEUED] default/attacker | /usr/bin/cat
[DEQUEUE-B] process_exec /usr/bin/cat pod=attacker
2026-07-24 13:18:07,505 INFO Docker→UID map: 81 entries
2026-07-24 13:18:09,136 INFO Processed 41000 events
2026-07-24 13:18:10,540 INFO Docker→UID map: 81 entries
2026-07-24 13:18:12,688 INFO [LEARNED] exec container b659ba7f7fac... -> attacker
2026-07-24 13:18:12,689 INFO [QUEUED] default/attacker | /usr/bin/cat
2026-07-24 13:18:12,690 INFO [QUEUED] kube-system/kube-proxy-qfgjg | /usr/sbin/ip6tables
[DEQUEUE-B] process_exec /usr/bin/cat pod=attacker
2026-07-24 13:18:12,690 INFO [QUEUED] kube-system/kube-proxy-qfgjg | /usr/sbin/iptables
[DEQUEUE-B] process_exec /usr/sbin/ip6tables pod=kube-proxy-qfgjg
[DEQUEUE-B] process_exec /usr/sbin/iptables pod=kube-proxy-qfgjg
2026-07-24 13:18:13,589 INFO Docker→UID map: 81 entries
2026-07-24 13:18:15,559 INFO Processed 41200 events
2026-07-24 13:18:16,628 INFO Docker→UID map: 81 entries
2026-07-24 13:18:16,686 INFO [LEARNED] exec container b659ba7f7fac... -> attacker
2026-07-24 13:18:16,686 INFO [QUEUED] kube-system/kindnet-j88vp | /usr/sbin/iptables
2026-07-24 13:18:16,687 INFO [QUEUED] kube-system/kindnet-j88vp | /usr/sbin/iptables
[DEQUEUE-B] process_exec /usr/sbin/iptables pod=kindnet-j88vp
2026-07-24 13:18:16,688 INFO [QUEUED] kube-system/kindnet-j88vp | /usr/sbin/iptables
2026-07-24 13:18:16,689 INFO [QUEUED] kube-system/kindnet-j88vp | /usr/sbin/iptables
[DEQUEUE-B] process_exec /usr/sbin/iptables pod=kindnet-j88vp
2026-07-24 13:18:16,690 INFO [QUEUED] default/attacker | /usr/bin/cat
[DEQUEUE-B] process_exec /usr/sbin/iptables pod=kindnet-j88vp
2026-07-24 13:18:16,691 INFO [QUEUED] default/attacker | /usr/bin/sleep
[DEQUEUE-B] process_exec /usr/sbin/iptables pod=kindnet-j88vp
[DEQUEUE-B] process_exec /usr/bin/cat pod=attacker
[DEQUEUE-B] process_exec /usr/bin/sleep pod=attacker
2026-07-24 13:18:18,686 INFO [QUEUED] kube-system/kube-proxy-2jd2m | /usr/sbin/iptables
2026-07-24 13:18:18,687 INFO [QUEUED] kube-system/kube-proxy-2jd2m | /usr/sbin/ip6tables
[DEQUEUE-B] process_exec /usr/sbin/iptables pod=kube-proxy-2jd2m
2026-07-24 13:18:18,687 INFO [QUEUED] kube-system/kube-proxy-x58jj | /usr/sbin/ip6tables
2026-07-24 13:18:18,689 INFO [QUEUED] kube-system/kube-proxy-x58jj | /usr/sbin/iptables
[DEQUEUE-B] process_exec /usr/sbin/ip6tables pod=kube-proxy-2jd2m
[DEQUEUE-B] process_exec /usr/sbin/ip6tables pod=kube-proxy-x58jj
[DEQUEUE-B] process_exec /usr/sbin/iptables pod=kube-proxy-x58jj
2026-07-24 13:18:19,677 INFO Docker→UID map: 81 entries
2026-07-24 13:18:21,577 INFO Processed 41400 events
2026-07-24 13:18:22,689 INFO [QUEUED] kube-system/kindnet-qgrsr | /usr/sbin/iptables
[DEQUEUE-B] process_exec /usr/sbin/iptables pod=kindnet-qgrsr
2026-07-24 13:18:22,691 INFO [QUEUED] kube-system/kindnet-qgrsr | /usr/sbin/iptables
[DEQUEUE-B] process_exec /usr/sbin/iptables pod=kindnet-qgrsr
2026-07-24 13:18:22,692 INFO [QUEUED] kube-system/kindnet-qgrsr | /usr/sbin/iptables
[DEQUEUE-B] process_exec /usr/sbin/iptables pod=kindnet-qgrsr2026-07-24 13:18:22,693 INFO [QUEUED] kube-system/kindnet-qgrsr | /usr/sbin/iptables
2026-07-24 13:18:22,694 INFO [QUEUED] kube-system/kindnet-fvfd4 | /usr/sbin/iptables

2026-07-24 13:18:22,695 INFO [QUEUED] kube-system/kindnet-fvfd4 | /usr/sbin/iptables
[DEQUEUE-B] process_exec /usr/sbin/iptables pod=kindnet-qgrsr
2026-07-24 13:18:22,695 INFO [QUEUED] kube-system/kindnet-fvfd4 | /usr/sbin/iptables
2026-07-24 13:18:22,696 INFO [QUEUED] kube-system/kindnet-fvfd4 | /usr/sbin/iptables
[DEQUEUE-B] process_exec /usr/sbin/iptables pod=kindnet-fvfd4
2026-07-24 13:18:22,697 INFO [LEARNED] exec container b659ba7f7fac... -> attacker
[DEQUEUE-B] process_exec /usr/sbin/iptables pod=kindnet-fvfd4
2026-07-24 13:18:22,698 INFO [QUEUED] default/attacker | /usr/bin/cat
[DEQUEUE-B] process_exec /usr/sbin/iptables pod=kindnet-fvfd4
[DEQUEUE-B] process_exec /usr/sbin/iptables pod=kindnet-fvfd4
[DEQUEUE-B] process_exec /usr/bin/cat pod=attacker
2026-07-24 13:18:22,754 INFO Docker→UID map: 81 entries
2026-07-24 13:18:25,808 INFO Docker→UID map: 81 entries
2026-07-24 13:18:26,685 INFO [LEARNED] exec container b659ba7f7fac... -> attacker
2026-07-24 13:18:28,390 INFO Processed 41600 events
2026-07-24 13:18:28,689 INFO [QUEUED] default/attacker | /usr/bin/cat
[DEQUEUE-B] process_exec /usr/bin/cat pod=attacker
2026-07-24 13:18:28,833 INFO Docker→UID map: 81 entries
2026-07-24 13:18:31,906 INFO Docker→UID map: 81 entries
2026-07-24 13:18:32,686 INFO [LEARNED] exec container b659ba7f7fac... -> attacker
2026-07-24 13:18:32,686 INFO [QUEUED] default/attacker | /usr/bin/cat
[DEQUEUE-B] process_exec /usr/bin/cat pod=attacker
2026-07-24 13:18:37,327 INFO Processed 41800 events
2026-07-24 13:18:37,727 INFO Docker→UID map: 81 entries
2026-07-24 13:18:40,773 INFO Docker→UID map: 81 entries
2026-07-24 13:18:41,470 INFO [LEARNED] exec container b659ba7f7fac... -> attacker
2026-07-24 13:18:41,471 INFO [QUEUED] default/attacker | /usr/bin/cat
[DEQUEUE-B] process_exec /usr/bin/cat pod=attacker
2026-07-24 13:18:43,630 INFO Processed 42000 events
2026-07-24 13:18:43,850 INFO Docker→UID map: 81 entries
2026-07-24 13:18:45,471 INFO [QUEUED] kube-system/kube-proxy-qfgjg | /usr/sbin/ip6tables
[DEQUEUE-B] process_exec /usr/sbin/ip6tables pod=kube-proxy-qfgjg
2026-07-24 13:18:45,472 INFO [QUEUED] kube-system/kube-proxy-qfgjg | /usr/sbin/iptables
[DEQUEUE-B] process_exec /usr/sbin/iptables pod=kube-proxy-qfgjg
2026-07-24 13:18:45,473 INFO [LEARNED] exec container b659ba7f7fac... -> attacker
2026-07-24 13:18:45,475 INFO [QUEUED] default/attacker | /usr/bin/cat
[DEQUEUE-B] process_exec /usr/bin/cat pod=attacker
2026-07-24 13:18:46,883 INFO Docker→UID map: 81 entries
2026-07-24 13:18:49,471 INFO [QUEUED] default/attacker | /usr/bin/sleep
[DEQUEUE-B] process_exec /usr/bin/sleep pod=attacker
2026-07-24 13:18:49,917 INFO Docker→UID map: 81 entries
2026-07-24 13:18:50,095 INFO Processed 42200 events
2026-07-24 13:18:51,471 INFO [LEARNED] exec container b659ba7f7fac... -> attacker
2026-07-24 13:18:51,472 INFO [QUEUED] default/attacker | /usr/bin/cat
[DEQUEUE-B] process_exec /usr/bin/cat pod=attacker2026-07-24 13:18:51,472 INFO [QUEUED] kube-system/kube-proxy-2jd2m | /usr/sbin/iptables
2026-07-24 13:18:51,473 INFO [QUEUED] kube-system/kube-proxy-2jd2m | /usr/sbin/ip6tables

2026-07-24 13:18:51,473 INFO [QUEUED] kube-system/kube-proxy-x58jj | /usr/sbin/ip6tables
[DEQUEUE-B] process_exec /usr/sbin/iptables pod=kube-proxy-2jd2m
2026-07-24 13:18:51,474 INFO [QUEUED] kube-system/kube-proxy-x58jj | /usr/sbin/iptables
[DEQUEUE-B] process_exec /usr/sbin/ip6tables pod=kube-proxy-2jd2m
[DEQUEUE-B] process_exec /usr/sbin/ip6tables pod=kube-proxy-x58jj
[DEQUEUE-B] process_exec /usr/sbin/iptables pod=kube-proxy-x58jj
2026-07-24 13:18:52,952 INFO Docker→UID map: 81 entries
2026-07-24 13:18:55,986 INFO Docker→UID map: 81 entries
2026-07-24 13:18:56,282 INFO Processed 42400 events
2026-07-24 13:18:57,471 INFO [LEARNED] exec container b659ba7f7fac... -> attacker
2026-07-24 13:18:57,472 INFO [QUEUED] default/attacker | /usr/bin/cat
[DEQUEUE-B] process_exec /usr/bin/cat pod=attacker
2026-07-24 13:18:59,016 INFO Docker→UID map: 81 entries
2026-07-24 13:19:01,471 INFO [LEARNED] exec container b659ba7f7fac... -> attacker
2026-07-24 13:19:01,472 INFO [QUEUED] default/attacker | /usr/bin/cat
[DEQUEUE-B] process_exec /usr/bin/cat pod=attacker
2026-07-24 13:19:02,054 INFO Docker→UID map: 81 entries
2026-07-24 13:19:02,481 INFO Processed 42600 events
2026-07-24 13:19:05,084 INFO Docker→UID map: 81 entries
2026-07-24 13:19:10,423 INFO [LEARNED] exec container b659ba7f7fac... -> attacker
2026-07-24 13:19:10,425 INFO [QUEUED] default/attacker | /usr/bin/cat
[DEQUEUE-B] process_exec /usr/bin/cat pod=attacker
2026-07-24 13:19:11,067 INFO Docker→UID map: 81 entries
2026-07-24 13:19:12,361 INFO Processed 42800 events
2026-07-24 13:19:14,119 INFO Docker→UID map: 81 entries
2026-07-24 13:19:16,423 INFO [LEARNED] exec container b659ba7f7fac... -> attacker
2026-07-24 13:19:16,423 INFO [QUEUED] default/attacker | /usr/bin/cat
[DEQUEUE-B] process_exec /usr/bin/cat pod=attacker
2026-07-24 13:19:17,155 INFO Docker→UID map: 81 entries
2026-07-24 13:19:18,381 INFO Processed 43000 events
2026-07-24 13:19:18,424 INFO [QUEUED] kube-system/kube-proxy-qfgjg | /usr/sbin/iptables
[DEQUEUE-B] process_exec /usr/sbin/iptables pod=kube-proxy-qfgjg
2026-07-24 13:19:18,428 INFO [QUEUED] kube-system/kube-proxy-qfgjg | /usr/sbin/ip6tables
[DEQUEUE-B] process_exec /usr/sbin/ip6tables pod=kube-proxy-qfgjg
2026-07-24 13:19:20,190 INFO Docker→UID map: 81 entries
2026-07-24 13:19:20,423 INFO [LEARNED] exec container b659ba7f7fac... -> attacker
2026-07-24 13:19:20,425 INFO [QUEUED] default/attacker | /usr/bin/cat
[DEQUEUE-B] process_exec /usr/bin/cat pod=attacker
2026-07-24 13:19:22,424 INFO [QUEUED] kube-system/kindnet-j88vp | /usr/sbin/iptables
[DEQUEUE-B] process_exec /usr/sbin/iptables pod=kindnet-j88vp
2026-07-24 13:19:22,425 INFO [QUEUED] kube-system/kindnet-j88vp | /usr/sbin/iptables
[DEQUEUE-B] process_exec /usr/sbin/iptables pod=kindnet-j88vp2026-07-24 13:19:22,426 INFO [QUEUED] kube-system/kindnet-j88vp | /usr/sbin/iptables

2026-07-24 13:19:22,426 INFO [QUEUED] kube-system/kindnet-j88vp | /usr/sbin/iptables
2026-07-24 13:19:22,427 INFO [QUEUED] default/attacker | /usr/bin/sleep
[DEQUEUE-B] process_exec /usr/sbin/iptables pod=kindnet-j88vp
[DEQUEUE-B] process_exec /usr/sbin/iptables pod=kindnet-j88vp
[DEQUEUE-B] process_exec /usr/bin/sleep pod=attacker
2026-07-24 13:19:23,241 INFO Docker→UID map: 81 entries
2026-07-24 13:19:24,379 INFO Processed 43200 events
2026-07-24 13:19:24,424 INFO [QUEUED] kube-system/kube-proxy-2jd2m | /usr/sbin/iptables
[DEQUEUE-B] process_exec /usr/sbin/iptables pod=kube-proxy-2jd2m2026-07-24 13:19:24,424 INFO [QUEUED] kube-system/kube-proxy-2jd2m | /usr/sbin/ip6tables

2026-07-24 13:19:24,425 INFO [QUEUED] kube-system/kube-proxy-x58jj | /usr/sbin/ip6tables
[DEQUEUE-B] process_exec /usr/sbin/ip6tables pod=kube-proxy-2jd2m
2026-07-24 13:19:24,426 INFO [QUEUED] kube-system/kube-proxy-x58jj | /usr/sbin/iptables
[DEQUEUE-B] process_exec /usr/sbin/ip6tables pod=kube-proxy-x58jj
[DEQUEUE-B] process_exec /usr/sbin/iptables pod=kube-proxy-x58jj
2026-07-24 13:19:26,344 INFO Docker→UID map: 81 entries
2026-07-24 13:19:26,423 INFO [LEARNED] exec container b659ba7f7fac... -> attacker
2026-07-24 13:19:26,424 INFO [QUEUED] default/attacker | /usr/bin/cat
[DEQUEUE-B] process_exec /usr/bin/cat pod=attacker
2026-07-24 13:19:28,424 INFO [QUEUED] kube-system/kindnet-qgrsr | /usr/sbin/iptables
[DEQUEUE-B] process_exec /usr/sbin/iptables pod=kindnet-qgrsr
2026-07-24 13:19:28,425 INFO [QUEUED] kube-system/kindnet-qgrsr | /usr/sbin/iptables
2026-07-24 13:19:28,426 INFO [QUEUED] kube-system/kindnet-qgrsr | /usr/sbin/iptables
[DEQUEUE-B] process_exec /usr/sbin/iptables pod=kindnet-qgrsr
2026-07-24 13:19:28,426 INFO [QUEUED] kube-system/kindnet-qgrsr | /usr/sbin/iptables
[DEQUEUE-B] process_exec /usr/sbin/iptables pod=kindnet-qgrsr
2026-07-24 13:19:28,429 INFO [QUEUED] kube-system/kindnet-fvfd4 | /usr/sbin/iptables
[DEQUEUE-B] process_exec /usr/sbin/iptables pod=kindnet-qgrsr
2026-07-24 13:19:28,430 INFO [QUEUED] kube-system/kindnet-fvfd4 | /usr/sbin/iptables
[DEQUEUE-B] process_exec /usr/sbin/iptables pod=kindnet-fvfd4
2026-07-24 13:19:28,431 INFO [QUEUED] kube-system/kindnet-fvfd4 | /usr/sbin/iptables
[DEQUEUE-B] process_exec /usr/sbin/iptables pod=kindnet-fvfd4
2026-07-24 13:19:28,432 INFO [QUEUED] kube-system/kindnet-fvfd4 | /usr/sbin/iptables
[DEQUEUE-B] process_exec /usr/sbin/iptables pod=kindnet-fvfd4
[DEQUEUE-B] process_exec /usr/sbin/iptables pod=kindnet-fvfd4
2026-07-24 13:19:29,403 INFO Docker→UID map: 81 entries
2026-07-24 13:19:31,415 INFO Processed 43400 events
2026-07-24 13:19:32,425 INFO [LEARNED] exec container b659ba7f7fac... -> attacker
2026-07-24 13:19:32,430 INFO [QUEUED] default/attacker | /usr/bin/cat
[DEQUEUE-B] process_exec /usr/bin/cat pod=attacker
2026-07-24 13:19:32,443 INFO Docker→UID map: 81 entries
2026-07-24 13:19:35,482 INFO Docker→UID map: 81 entries
2026-07-24 13:19:36,423 INFO [LEARNED] exec container b659ba7f7fac... -> attacker
2026-07-24 13:19:36,425 INFO [QUEUED] default/attacker | /usr/bin/cat
[DEQUEUE-B] process_exec /usr/bin/cat pod=attacker
2026-07-24 13:19:36,864 INFO Processed 43600 events
2026-07-24 13:19:38,520 INFO Docker→UID map: 81 entries
2026-07-24 13:19:44,361 INFO Docker→UID map: 81 entries
2026-07-24 13:19:45,204 INFO [LEARNED] exec container b659ba7f7fac... -> attacker
2026-07-24 13:19:45,205 INFO [QUEUED] default/attacker | /usr/bin/cat
[DEQUEUE-B] process_exec /usr/bin/cat pod=attacker
2026-07-24 13:19:47,400 INFO Docker→UID map: 81 entries
2026-07-24 13:19:47,818 INFO Processed 43800 events
2026-07-24 13:19:50,436 INFO Docker→UID map: 81 entries
2026-07-24 13:19:51,203 INFO [LEARNED] exec container b659ba7f7fac... -> attacker
2026-07-24 13:19:51,204 INFO [QUEUED] default/attacker | /usr/bin/cat
[DEQUEUE-B] process_exec /usr/bin/cat pod=attacker
2026-07-24 13:19:51,204 INFO [QUEUED] kube-system/kube-proxy-qfgjg | /usr/sbin/ip6tables
2026-07-24 13:19:51,205 INFO [QUEUED] kube-system/kube-proxy-qfgjg | /usr/sbin/iptables
[DEQUEUE-B] process_exec /usr/sbin/ip6tables pod=kube-proxy-qfgjg
[DEQUEUE-B] process_exec /usr/sbin/iptables pod=kube-proxy-qfgjg
2026-07-24 13:19:53,071 INFO Processed 44000 events
2026-07-24 13:19:53,465 INFO Docker→UID map: 81 entries
2026-07-24 13:19:55,203 INFO [LEARNED] exec container b659ba7f7fac... -> attacker
2026-07-24 13:19:55,204 INFO [QUEUED] default/attacker | /usr/bin/cat
[DEQUEUE-B] process_exec /usr/bin/cat pod=attacker
2026-07-24 13:19:55,206 INFO [QUEUED] default/attacker | /usr/bin/sleep
[DEQUEUE-B] process_exec /usr/bin/sleep pod=attacker
2026-07-24 13:19:56,510 INFO Docker→UID map: 81 entries
2026-07-24 13:19:57,203 INFO [QUEUED] kube-system/kube-proxy-2jd2m | /usr/sbin/iptables
[DEQUEUE-B] process_exec /usr/sbin/iptables pod=kube-proxy-2jd2m
2026-07-24 13:19:57,205 INFO [QUEUED] kube-system/kube-proxy-2jd2m | /usr/sbin/ip6tables
[DEQUEUE-B] process_exec /usr/sbin/ip6tables pod=kube-proxy-2jd2m
2026-07-24 13:19:57,206 INFO [QUEUED] kube-system/kube-proxy-x58jj | /usr/sbin/ip6tables
[DEQUEUE-B] process_exec /usr/sbin/ip6tables pod=kube-proxy-x58jj2026-07-24 13:19:57,207 INFO [QUEUED] kube-system/kube-proxy-x58jj | /usr/sbin/iptables

[DEQUEUE-B] process_exec /usr/sbin/iptables pod=kube-proxy-x58jj
2026-07-24 13:19:59,543 INFO Docker→UID map: 81 entries
2026-07-24 13:19:59,904 INFO Processed 44200 events
2026-07-24 13:20:01,204 INFO [LEARNED] exec container b659ba7f7fac... -> attacker
2026-07-24 13:20:01,205 INFO [QUEUED] default/attacker | /usr/bin/cat
[DEQUEUE-B] process_exec /usr/bin/cat pod=attacker
2026-07-24 13:20:02,571 INFO Docker→UID map: 81 entries
2026-07-24 13:20:05,203 INFO [LEARNED] exec container b659ba7f7fac... -> attacker
2026-07-24 13:20:05,628 INFO Docker→UID map: 81 entries
2026-07-24 13:20:06,195 INFO Processed 44400 events
2026-07-24 13:20:07,204 INFO [QUEUED] default/attacker | /usr/bin/cat
[DEQUEUE-B] process_exec /usr/bin/cat pod=attacker
2026-07-24 13:20:08,657 INFO Docker→UID map: 81 entries
2026-07-24 13:20:11,204 INFO [LEARNED] exec container b659ba7f7fac... -> attacker
2026-07-24 13:20:11,205 INFO [QUEUED] default/attacker | /usr/bin/cat
[DEQUEUE-B] process_exec /usr/bin/cat pod=attacker
2026-07-24 13:20:11,689 INFO Docker→UID map: 81 entries
2026-07-24 13:20:14,236 INFO Processed 44600 events
2026-07-24 13:20:15,800 INFO Docker→UID map: 81 entries
2026-07-24 13:20:18,255 INFO [LEARNED] exec container b659ba7f7fac... -> attacker
2026-07-24 13:20:18,256 INFO [QUEUED] default/attacker | /usr/bin/cat
[DEQUEUE-B] process_exec /usr/bin/cat pod=attacker
2026-07-24 13:20:18,834 INFO Docker→UID map: 81 entries
2026-07-24 13:20:19,268 INFO Processed 44800 events
2026-07-24 13:20:21,865 INFO Docker→UID map: 81 entries
2026-07-24 13:20:22,255 INFO [QUEUED] kube-system/kube-proxy-qfgjg | /usr/sbin/iptables
[DEQUEUE-B] process_exec /usr/sbin/iptables pod=kube-proxy-qfgjg
2026-07-24 13:20:22,255 INFO [QUEUED] kube-system/kube-proxy-qfgjg | /usr/sbin/ip6tables
[DEQUEUE-B] process_exec /usr/sbin/ip6tables pod=kube-proxy-qfgjg
2026-07-24 13:20:22,257 INFO [LEARNED] exec container b659ba7f7fac... -> attacker
2026-07-24 13:20:22,258 INFO [QUEUED] default/attacker | /usr/bin/cat
[DEQUEUE-B] process_exec /usr/bin/cat pod=attacker
